date,fiscal_week_label,fiscal_week_id,fiscal_month_label,fiscal_month_id,fiscal_quarter_label,fiscal_quarter_id
2022-10-03,FY23-W01,2023W1,FY23-OCT,2023M1,FY23-Q1,2023Q1
2022-10-04,FY23-W01,2023W1,FY23-OCT,2023M1,FY23-Q1,2023Q1
2022-10-05,FY23-W01,2023W1,FY23-OCT,2023M1,FY23-Q1,2023Q1
2022-10-06,FY23-W01,2023W1,FY23-OCT,2023M1,FY23-Q1,2023Q1
2022-10-07,FY23-W01,2023W1,FY23-OCT,2023M1,FY23-Q1,2023Q1
2022-10-08,FY23-W01,2023W1,FY23-OCT,2023M1,FY23-Q1,2023Q1
2022-10-09,FY23-W01,2023W1,FY23-OCT,2023M1,FY23-Q1,2023Q1
2022-10-10,FY23-W02,2023W2,FY23-OCT,2023M1,FY23-Q1,2023Q1
2022-10-11,FY23-W02,2023W2,FY23-OCT,2023M1,FY23-Q1,2023Q1
2022-10-12,FY23-W02,2023W2,FY23-OCT,2023M1,FY23-Q1,2023Q1
2022-10-13,FY23-W02,2023W2,FY23-OCT,2023M1,FY23-Q1,2023Q1
2022-10-14,FY23-W02,2023W2,FY23-OCT,2023M1,FY23-Q1,2023Q1
2022-10-15,FY23-W02,2023W2,FY23-OCT,2023M1,FY23-Q1,2023Q1
2022-10-16,FY23-W02,2023W2,FY23-OCT,2023M1,FY23-Q1,2023Q1
2022-10-17,FY23-W03,2023W3,FY23-OCT,2023M1,FY23-Q1,2023Q1
2022-10-18,FY23-W03,2023W3,FY23-OCT,2023M1,FY23-Q1,2023Q1
2022-10-19,FY23-W03,2023W3,FY23-OCT,2023M1,FY23-Q1,2023Q1
2022-10-20,FY23-W03,2023W3,FY23-OCT,2023M1,FY23-Q1,2023Q1
2022-10-21,FY23-W03,2023W3,FY23-OCT,2023M1,FY23-Q1,2023Q1
2022-10-22,FY23-W03,2023W3,FY23-OCT,2023M1,FY23-Q1,2023Q1
2022-10-23,FY23-W03,2023W3,FY23-OCT,2023M1,FY23-Q1,2023Q1
2022-10-24,FY23-W04,2023W4,FY23-OCT,2023M1,FY23-Q1,2023Q1
2022-10-25,FY23-W04,2023W4,FY23-OCT,2023M1,FY23-Q1,2023Q1
2022-10-26,FY23-W04,2023W4,FY23-OCT,2023M1,FY23-Q1,2023Q1
2022-10-27,FY23-W04,2023W4,FY23-OCT,2023M1,FY23-Q1,2023Q1
2022-10-28,FY23-W04,2023W4,FY23-OCT,2023M1,FY23-Q1,2023Q1
2022-10-29,FY23-W04,2023W4,FY23-OCT,2023M1,FY23-Q1,2023Q1
2022-10-30,FY23-W04,2023W4,FY23-OCT,2023M1,FY23-Q1,2023Q1
2022-10-31,FY23-W05,2023W5,FY23-NOV,2023M2,FY23-Q1,2023Q1
2022-11-01,FY23-W05,2023W5,FY23-NOV,2023M2,FY23-Q1,2023Q1
2022-11-02,FY23-W05,2023W5,FY23-NOV,2023M2,FY23-Q1,2023Q1
2022-11-03,FY23-W05,2023W5,FY23-NOV,2023M2,FY23-Q1,2023Q1
2022-11-04,FY23-W05,2023W5,FY23-NOV,2023M2,FY23-Q1,2023Q1
2022-11-05,FY23-W05,2023W5,FY23-NOV,2023M2,FY23-Q1,2023Q1
2022-11-06,FY23-W05,2023W5,FY23-NOV,2023M2,FY23-Q1,2023Q1
2022-11-07,FY23-W06,2023W6,FY23-NOV,2023M2,FY23-Q1,2023Q1
2022-11-08,FY23-W06,2023W6,FY23-NOV,2023M2,FY23-Q1,2023Q1
2022-11-09,FY23-W06,2023W6,FY23-NOV,2023M2,FY23-Q1,2023Q1
2022-11-10,FY23-W06,2023W6,FY23-NOV,2023M2,FY23-Q1,2023Q1
2022-11-11,FY23-W06,2023W6,FY23-NOV,2023M2,FY23-Q1,2023Q1
2022-11-12,FY23-W06,2023W6,FY23-NOV,2023M2,FY23-Q1,2023Q1
2022-11-13,FY23-W06,2023W6,FY23-NOV,2023M2,FY23-Q1,2023Q1
2022-11-14,FY23-W07,2023W7,FY23-NOV,2023M2,FY23-Q1,2023Q1
2022-11-15,FY23-W07,2023W7,FY23-NOV,2023M2,FY23-Q1,2023Q1
2022-11-16,FY23-W07,2023W7,FY23-NOV,2023M2,FY23-Q1,2023Q1
2022-11-17,FY23-W07,2023W7,FY23-NOV,2023M2,FY23-Q1,2023Q1
2022-11-18,FY23-W07,2023W7,FY23-NOV,2023M2,FY23-Q1,2023Q1
2022-11-19,FY23-W07,2023W7,FY23-NOV,2023M2,FY23-Q1,2023Q1
2022-11-20,FY23-W07,2023W7,FY23-NOV,2023M2,FY23-Q1,2023Q1
2022-11-21,FY23-W08,2023W8,FY23-NOV,2023M2,FY23-Q1,2023Q1
2022-11-22,FY23-W08,2023W8,FY23-NOV,2023M2,FY23-Q1,2023Q1
2022-11-23,FY23-W08,2023W8,FY23-NOV,2023M2,FY23-Q1,2023Q1
2022-11-24,FY23-W08,2023W8,FY23-NOV,2023M2,FY23-Q1,2023Q1
2022-11-25,FY23-W08,2023W8,FY23-NOV,2023M2,FY23-Q1,2023Q1
2022-11-26,FY23-W08,2023W8,FY23-NOV,2023M2,FY23-Q1,2023Q1
2022-11-27,FY23-W08,2023W8,FY23-NOV,2023M2,FY23-Q1,2023Q1
2022-11-28,FY23-W09,2023W9,FY23-NOV,2023M2,FY23-Q1,2023Q1
2022-11-29,FY23-W09,2023W9,FY23-NOV,2023M2,FY23-Q1,2023Q1
2022-11-30,FY23-W09,2023W9,FY23-NOV,2023M2,FY23-Q1,2023Q1
2022-12-01,FY23-W09,2023W9,FY23-NOV,2023M2,FY23-Q1,2023Q1
2022-12-02,FY23-W09,2023W9,FY23-NOV,2023M2,FY23-Q1,2023Q1
2022-12-03,FY23-W09,2023W9,FY23-NOV,2023M2,FY23-Q1,2023Q1
2022-12-04,FY23-W09,2023W9,FY23-NOV,2023M2,FY23-Q1,2023Q1
2022-12-05,FY23-W10,2023W10,FY23-DEC,2023M3,FY23-Q1,2023Q1
2022-12-06,FY23-W10,2023W10,FY23-DEC,2023M3,FY23-Q1,2023Q1
2022-12-07,FY23-W10,2023W10,FY23-DEC,2023M3,FY23-Q1,2023Q1
2022-12-08,FY23-W10,2023W10,FY23-DEC,2023M3,FY23-Q1,2023Q1
2022-12-09,FY23-W10,2023W10,FY23-DEC,2023M3,FY23-Q1,2023Q1
2022-12-10,FY23-W10,2023W10,FY23-DEC,2023M3,FY23-Q1,2023Q1
2022-12-11,FY23-W10,2023W10,FY23-DEC,2023M3,FY23-Q1,2023Q1
2022-12-12,FY23-W11,2023W11,FY23-DEC,2023M3,FY23-Q1,2023Q1
2022-12-13,FY23-W11,2023W11,FY23-DEC,2023M3,FY23-Q1,2023Q1
2022-12-14,FY23-W11,2023W11,FY23-DEC,2023M3,FY23-Q1,2023Q1
2022-12-15,FY23-W11,2023W11,FY23-DEC,2023M3,FY23-Q1,2023Q1
2022-12-16,FY23-W11,2023W11,FY23-DEC,2023M3,FY23-Q1,2023Q1
2022-12-17,FY23-W11,2023W11,FY23-DEC,2023M3,FY23-Q1,2023Q1
2022-12-18,FY23-W11,2023W11,FY23-DEC,2023M3,FY23-Q1,2023Q1
2022-12-19,FY23-W12,2023W12,FY23-DEC,2023M3,FY23-Q1,2023Q1
2022-12-20,FY23-W12,2023W12,FY23-DEC,2023M3,FY23-Q1,2023Q1
2022-12-21,FY23-W12,2023W12,FY23-DEC,2023M3,FY23-Q1,2023Q1
2022-12-22,FY23-W12,2023W12,FY23-DEC,2023M3,FY23-Q1,2023Q1
2022-12-23,FY23-W12,2023W12,FY23-DEC,2023M3,FY23-Q1,2023Q1
2022-12-24,FY23-W12,2023W12,FY23-DEC,2023M3,FY23-Q1,2023Q1
2022-12-25,FY23-W12,2023W12,FY23-DEC,2023M3,FY23-Q1,2023Q1
2022-12-26,FY23-W13,2023W13,FY23-DEC,2023M3,FY23-Q1,2023Q1
2022-12-27,FY23-W13,2023W13,FY23-DEC,2023M3,FY23-Q1,2023Q1
2022-12-28,FY23-W13,2023W13,FY23-DEC,2023M3,FY23-Q1,2023Q1
2022-12-29,FY23-W13,2023W13,FY23-DEC,2023M3,FY23-Q1,2023Q1
2022-12-30,FY23-W13,2023W13,FY23-DEC,2023M3,FY23-Q1,2023Q1
2022-12-31,FY23-W13,2023W13,FY23-DEC,2023M3,FY23-Q1,2023Q1
2023-01-01,FY23-W13,2023W13,FY23-DEC,2023M3,FY23-Q1,2023Q1
2023-01-02,FY23-W14,2023W14,FY23-JAN,2023M4,FY23-Q2,2023Q2
2023-01-03,FY23-W14,2023W14,FY23-JAN,2023M4,FY23-Q2,2023Q2
2023-01-04,FY23-W14,2023W14,FY23-JAN,2023M4,FY23-Q2,2023Q2
2023-01-05,FY23-W14,2023W14,FY23-JAN,2023M4,FY23-Q2,2023Q2
2023-01-06,FY23-W14,2023W14,FY23-JAN,2023M4,FY23-Q2,2023Q2
2023-01-07,FY23-W14,2023W14,FY23-JAN,2023M4,FY23-Q2,2023Q2
2023-01-08,FY23-W14,2023W14,FY23-JAN,2023M4,FY23-Q2,2023Q2
2023-01-09,FY23-W15,2023W15,FY23-JAN,2023M4,FY23-Q2,2023Q2
2023-01-10,FY23-W15,2023W15,FY23-JAN,2023M4,FY23-Q2,2023Q2
2023-01-11,FY23-W15,2023W15,FY23-JAN,2023M4,FY23-Q2,2023Q2
2023-01-12,FY23-W15,2023W15,FY23-JAN,2023M4,FY23-Q2,2023Q2
2023-01-13,FY23-W15,2023W15,FY23-JAN,2023M4,FY23-Q2,2023Q2
2023-01-14,FY23-W15,2023W15,FY23-JAN,2023M4,FY23-Q2,2023Q2
2023-01-15,FY23-W15,2023W15,FY23-JAN,2023M4,FY23-Q2,2023Q2
2023-01-16,FY23-W16,2023W16,FY23-JAN,2023M4,FY23-Q2,2023Q2
2023-01-17,FY23-W16,2023W16,FY23-JAN,2023M4,FY23-Q2,2023Q2
2023-01-18,FY23-W16,2023W16,FY23-JAN,2023M4,FY23-Q2,2023Q2
2023-01-19,FY23-W16,2023W16,FY23-JAN,2023M4,FY23-Q2,2023Q2
2023-01-20,FY23-W16,2023W16,FY23-JAN,2023M4,FY23-Q2,2023Q2
2023-01-21,FY23-W16,2023W16,FY23-JAN,2023M4,FY23-Q2,2023Q2
2023-01-22,FY23-W16,2023W16,FY23-JAN,2023M4,FY23-Q2,2023Q2
2023-01-23,FY23-W17,2023W17,FY23-JAN,2023M4,FY23-Q2,2023Q2
2023-01-24,FY23-W17,2023W17,FY23-JAN,2023M4,FY23-Q2,2023Q2
2023-01-25,FY23-W17,2023W17,FY23-JAN,2023M4,FY23-Q2,2023Q2
2023-01-26,FY23-W17,2023W17,FY23-JAN,2023M4,FY23-Q2,2023Q2
2023-01-27,FY23-W17,2023W17,FY23-JAN,2023M4,FY23-Q2,2023Q2
2023-01-28,FY23-W17,2023W17,FY23-JAN,2023M4,FY23-Q2,2023Q2
2023-01-29,FY23-W17,2023W17,FY23-JAN,2023M4,FY23-Q2,2023Q2
2023-01-30,FY23-W18,2023W18,FY23-FEB,2023M5,FY23-Q2,2023Q2
2023-01-31,FY23-W18,2023W18,FY23-FEB,2023M5,FY23-Q2,2023Q2
2023-02-01,FY23-W18,2023W18,FY23-FEB,2023M5,FY23-Q2,2023Q2
2023-02-02,FY23-W18,2023W18,FY23-FEB,2023M5,FY23-Q2,2023Q2
2023-02-03,FY23-W18,2023W18,FY23-FEB,2023M5,FY23-Q2,2023Q2
2023-02-04,FY23-W18,2023W18,FY23-FEB,2023M5,FY23-Q2,2023Q2
2023-02-05,FY23-W18,2023W18,FY23-FEB,2023M5,FY23-Q2,2023Q2
2023-02-06,FY23-W19,2023W19,FY23-FEB,2023M5,FY23-Q2,2023Q2
2023-02-07,FY23-W19,2023W19,FY23-FEB,2023M5,FY23-Q2,2023Q2
2023-02-08,FY23-W19,2023W19,FY23-FEB,2023M5,FY23-Q2,2023Q2
2023-02-09,FY23-W19,2023W19,FY23-FEB,2023M5,FY23-Q2,2023Q2
2023-02-10,FY23-W19,2023W19,FY23-FEB,2023M5,FY23-Q2,2023Q2
2023-02-11,FY23-W19,2023W19,FY23-FEB,2023M5,FY23-Q2,2023Q2
2023-02-12,FY23-W19,2023W19,FY23-FEB,2023M5,FY23-Q2,2023Q2
2023-02-13,FY23-W20,2023W20,FY23-FEB,2023M5,FY23-Q2,2023Q2
2023-02-14,FY23-W20,2023W20,FY23-FEB,2023M5,FY23-Q2,2023Q2
2023-02-15,FY23-W20,2023W20,FY23-FEB,2023M5,FY23-Q2,2023Q2
2023-02-16,FY23-W20,2023W20,FY23-FEB,2023M5,FY23-Q2,2023Q2
2023-02-17,FY23-W20,2023W20,FY23-FEB,2023M5,FY23-Q2,2023Q2
2023-02-18,FY23-W20,2023W20,FY23-FEB,2023M5,FY23-Q2,2023Q2
2023-02-19,FY23-W20,2023W20,FY23-FEB,2023M5,FY23-Q2,2023Q2
2023-02-20,FY23-W21,2023W21,FY23-FEB,2023M5,FY23-Q2,2023Q2
2023-02-21,FY23-W21,2023W21,FY23-FEB,2023M5,FY23-Q2,2023Q2
2023-02-22,FY23-W21,2023W21,FY23-FEB,2023M5,FY23-Q2,2023Q2
2023-02-23,FY23-W21,2023W21,FY23-FEB,2023M5,FY23-Q2,2023Q2
2023-02-24,FY23-W21,2023W21,FY23-FEB,2023M5,FY23-Q2,2023Q2
2023-02-25,FY23-W21,2023W21,FY23-FEB,2023M5,FY23-Q2,2023Q2
2023-02-26,FY23-W21,2023W21,FY23-FEB,2023M5,FY23-Q2,2023Q2
2023-02-27,FY23-W22,2023W22,FY23-FEB,2023M5,FY23-Q2,2023Q2
2023-02-28,FY23-W22,2023W22,FY23-FEB,2023M5,FY23-Q2,2023Q2
2023-03-01,FY23-W22,2023W22,FY23-FEB,2023M5,FY23-Q2,2023Q2
2023-03-02,FY23-W22,2023W22,FY23-FEB,2023M5,FY23-Q2,2023Q2
2023-03-03,FY23-W22,2023W22,FY23-FEB,2023M5,FY23-Q2,2023Q2
2023-03-04,FY23-W22,2023W22,FY23-FEB,2023M5,FY23-Q2,2023Q2
2023-03-05,FY23-W22,2023W22,FY23-FEB,2023M5,FY23-Q2,2023Q2
2023-03-06,FY23-W23,2023W23,FY23-MAR,2023M6,FY23-Q2,2023Q2
2023-03-07,FY23-W23,2023W23,FY23-MAR,2023M6,FY23-Q2,2023Q2
2023-03-08,FY23-W23,2023W23,FY23-MAR,2023M6,FY23-Q2,2023Q2
2023-03-09,FY23-W23,2023W23,FY23-MAR,2023M6,FY23-Q2,2023Q2
2023-03-10,FY23-W23,2023W23,FY23-MAR,2023M6,FY23-Q2,2023Q2
2023-03-11,FY23-W23,2023W23,FY23-MAR,2023M6,FY23-Q2,2023Q2
2023-03-12,FY23-W23,2023W23,FY23-MAR,2023M6,FY23-Q2,2023Q2
2023-03-13,FY23-W24,2023W24,FY23-MAR,2023M6,FY23-Q2,2023Q2
2023-03-14,FY23-W24,2023W24,FY23-MAR,2023M6,FY23-Q2,2023Q2
2023-03-15,FY23-W24,2023W24,FY23-MAR,2023M6,FY23-Q2,2023Q2
2023-03-16,FY23-W24,2023W24,FY23-MAR,2023M6,FY23-Q2,2023Q2
2023-03-17,FY23-W24,2023W24,FY23-MAR,2023M6,FY23-Q2,2023Q2
2023-03-18,FY23-W24,2023W24,FY23-MAR,2023M6,FY23-Q2,2023Q2
2023-03-19,FY23-W24,2023W24,FY23-MAR,2023M6,FY23-Q2,2023Q2
2023-03-20,FY23-W25,2023W25,FY23-MAR,2023M6,FY23-Q2,2023Q2
2023-03-21,FY23-W25,2023W25,FY23-MAR,2023M6,FY23-Q2,2023Q2
2023-03-22,FY23-W25,2023W25,FY23-MAR,2023M6,FY23-Q2,2023Q2
2023-03-23,FY23-W25,2023W25,FY23-MAR,2023M6,FY23-Q2,2023Q2
2023-03-24,FY23-W25,2023W25,FY23-MAR,2023M6,FY23-Q2,2023Q2
2023-03-25,FY23-W25,2023W25,FY23-MAR,2023M6,FY23-Q2,2023Q2
2023-03-26,FY23-W25,2023W25,FY23-MAR,2023M6,FY23-Q2,2023Q2
2023-03-27,FY23-W26,2023W26,FY23-MAR,2023M6,FY23-Q2,2023Q2
2023-03-28,FY23-W26,2023W26,FY23-MAR,2023M6,FY23-Q2,2023Q2
2023-03-29,FY23-W26,2023W26,FY23-MAR,2023M6,FY23-Q2,2023Q2
2023-03-30,FY23-W26,2023W26,FY23-MAR,2023M6,FY23-Q2,2023Q2
2023-03-31,FY23-W26,2023W26,FY23-MAR,2023M6,FY23-Q2,2023Q2
2023-04-01,FY23-W26,2023W26,FY23-MAR,2023M6,FY23-Q2,2023Q2
2023-04-02,FY23-W26,2023W26,FY23-MAR,2023M6,FY23-Q2,2023Q2
2023-04-03,FY23-W27,2023W27,FY23-APR,2023M7,FY23-Q3,2023Q3
2023-04-04,FY23-W27,2023W27,FY23-APR,2023M7,FY23-Q3,2023Q3
2023-04-05,FY23-W27,2023W27,FY23-APR,2023M7,FY23-Q3,2023Q3
2023-04-06,FY23-W27,2023W27,FY23-APR,2023M7,FY23-Q3,2023Q3
2023-04-07,FY23-W27,2023W27,FY23-APR,2023M7,FY23-Q3,2023Q3
2023-04-08,FY23-W27,2023W27,FY23-APR,2023M7,FY23-Q3,2023Q3
2023-04-09,FY23-W27,2023W27,FY23-APR,2023M7,FY23-Q3,2023Q3
2023-04-10,FY23-W28,2023W28,FY23-APR,2023M7,FY23-Q3,2023Q3
2023-04-11,FY23-W28,2023W28,FY23-APR,2023M7,FY23-Q3,2023Q3
2023-04-12,FY23-W28,2023W28,FY23-APR,2023M7,FY23-Q3,2023Q3
2023-04-13,FY23-W28,2023W28,FY23-APR,2023M7,FY23-Q3,2023Q3
2023-04-14,FY23-W28,2023W28,FY23-APR,2023M7,FY23-Q3,2023Q3
2023-04-15,FY23-W28,2023W28,FY23-APR,2023M7,FY23-Q3,2023Q3
2023-04-16,FY23-W28,2023W28,FY23-APR,2023M7,FY23-Q3,2023Q3
2023-04-17,FY23-W29,2023W29,FY23-APR,2023M7,FY23-Q3,2023Q3
2023-04-18,FY23-W29,2023W29,FY23-APR,2023M7,FY23-Q3,2023Q3
2023-04-19,FY23-W29,2023W29,FY23-APR,2023M7,FY23-Q3,2023Q3
2023-04-20,FY23-W29,2023W29,FY23-APR,2023M7,FY23-Q3,2023Q3
2023-04-21,FY23-W29,2023W29,FY23-APR,2023M7,FY23-Q3,2023Q3
2023-04-22,FY23-W29,2023W29,FY23-APR,2023M7,FY23-Q3,2023Q3
2023-04-23,FY23-W29,2023W29,FY23-APR,2023M7,FY23-Q3,2023Q3
2023-04-24,FY23-W30,2023W30,FY23-APR,2023M7,FY23-Q3,2023Q3
2023-04-25,FY23-W30,2023W30,FY23-APR,2023M7,FY23-Q3,2023Q3
2023-04-26,FY23-W30,2023W30,FY23-APR,2023M7,FY23-Q3,2023Q3
2023-04-27,FY23-W30,2023W30,FY23-APR,2023M7,FY23-Q3,2023Q3
2023-04-28,FY23-W30,2023W30,FY23-APR,2023M7,FY23-Q3,2023Q3
2023-04-29,FY23-W30,2023W30,FY23-APR,2023M7,FY23-Q3,2023Q3
2023-04-30,FY23-W30,2023W30,FY23-APR,2023M7,FY23-Q3,2023Q3
2023-05-01,FY23-W31,2023W31,FY23-MAY,2023M8,FY23-Q3,2023Q3
2023-05-02,FY23-W31,2023W31,FY23-MAY,2023M8,FY23-Q3,2023Q3
2023-05-03,FY23-W31,2023W31,FY23-MAY,2023M8,FY23-Q3,2023Q3
2023-05-04,FY23-W31,2023W31,FY23-MAY,2023M8,FY23-Q3,2023Q3
2023-05-05,FY23-W31,2023W31,FY23-MAY,2023M8,FY23-Q3,2023Q3
2023-05-06,FY23-W31,2023W31,FY23-MAY,2023M8,FY23-Q3,2023Q3
2023-05-07,FY23-W31,2023W31,FY23-MAY,2023M8,FY23-Q3,2023Q3
2023-05-08,FY23-W32,2023W32,FY23-MAY,2023M8,FY23-Q3,2023Q3
2023-05-09,FY23-W32,2023W32,FY23-MAY,2023M8,FY23-Q3,2023Q3
2023-05-10,FY23-W32,2023W32,FY23-MAY,2023M8,FY23-Q3,2023Q3
2023-05-11,FY23-W32,2023W32,FY23-MAY,2023M8,FY23-Q3,2023Q3
2023-05-12,FY23-W32,2023W32,FY23-MAY,2023M8,FY23-Q3,2023Q3
2023-05-13,FY23-W32,2023W32,FY23-MAY,2023M8,FY23-Q3,2023Q3
2023-05-14,FY23-W32,2023W32,FY23-MAY,2023M8,FY23-Q3,2023Q3
2023-05-15,FY23-W33,2023W33,FY23-MAY,2023M8,FY23-Q3,2023Q3
2023-05-16,FY23-W33,2023W33,FY23-MAY,2023M8,FY23-Q3,2023Q3
2023-05-17,FY23-W33,2023W33,FY23-MAY,2023M8,FY23-Q3,2023Q3
2023-05-18,FY23-W33,2023W33,FY23-MAY,2023M8,FY23-Q3,2023Q3
2023-05-19,FY23-W33,2023W33,FY23-MAY,2023M8,FY23-Q3,2023Q3
2023-05-20,FY23-W33,2023W33,FY23-MAY,2023M8,FY23-Q3,2023Q3
2023-05-21,FY23-W33,2023W33,FY23-MAY,2023M8,FY23-Q3,2023Q3
2023-05-22,FY23-W34,2023W34,FY23-MAY,2023M8,FY23-Q3,2023Q3
2023-05-23,FY23-W34,2023W34,FY23-MAY,2023M8,FY23-Q3,2023Q3
2023-05-24,FY23-W34,2023W34,FY23-MAY,2023M8,FY23-Q3,2023Q3
2023-05-25,FY23-W34,2023W34,FY23-MAY,2023M8,FY23-Q3,2023Q3
2023-05-26,FY23-W34,2023W34,FY23-MAY,2023M8,FY23-Q3,2023Q3
2023-05-27,FY23-W34,2023W34,FY23-MAY,2023M8,FY23-Q3,2023Q3
2023-05-28,FY23-W34,2023W34,FY23-MAY,2023M8,FY23-Q3,2023Q3
2023-05-29,FY23-W35,2023W35,FY23-MAY,2023M8,FY23-Q3,2023Q3
2023-05-30,FY23-W35,2023W35,FY23-MAY,2023M8,FY23-Q3,2023Q3
2023-05-31,FY23-W35,2023W35,FY23-MAY,2023M8,FY23-Q3,2023Q3
2023-06-01,FY23-W35,2023W35,FY23-MAY,2023M8,FY23-Q3,2023Q3
2023-06-02,FY23-W35,2023W35,FY23-MAY,2023M8,FY23-Q3,2023Q3
2023-06-03,FY23-W35,2023W35,FY23-MAY,2023M8,FY23-Q3,2023Q3
2023-06-04,FY23-W35,2023W35,FY23-MAY,2023M8,FY23-Q3,2023Q3
2023-06-05,FY23-W36,2023W36,FY23-JUN,2023M9,FY23-Q3,2023Q3
2023-06-06,FY23-W36,2023W36,FY23-JUN,2023M9,FY23-Q3,2023Q3
2023-06-07,FY23-W36,2023W36,FY23-JUN,2023M9,FY23-Q3,2023Q3
2023-06-08,FY23-W36,2023W36,FY23-JUN,2023M9,FY23-Q3,2023Q3
2023-06-09,FY23-W36,2023W36,FY23-JUN,2023M9,FY23-Q3,2023Q3
2023-06-10,FY23-W36,2023W36,FY23-JUN,2023M9,FY23-Q3,2023Q3
2023-06-11,FY23-W36,2023W36,FY23-JUN,2023M9,FY23-Q3,2023Q3
2023-06-12,FY23-W37,2023W37,FY23-JUN,2023M9,FY23-Q3,2023Q3
2023-06-13,FY23-W37,2023W37,FY23-JUN,2023M9,FY23-Q3,2023Q3
2023-06-14,FY23-W37,2023W37,FY23-JUN,2023M9,FY23-Q3,2023Q3
2023-06-15,FY23-W37,2023W37,FY23-JUN,2023M9,FY23-Q3,2023Q3
2023-06-16,FY23-W37,2023W37,FY23-JUN,2023M9,FY23-Q3,2023Q3
2023-06-17,FY23-W37,2023W37,FY23-JUN,2023M9,FY23-Q3,2023Q3
2023-06-18,FY23-W37,2023W37,FY23-JUN,2023M9,FY23-Q3,2023Q3
2023-06-19,FY23-W38,2023W38,FY23-JUN,2023M9,FY23-Q3,2023Q3
2023-06-20,FY23-W38,2023W38,FY23-JUN,2023M9,FY23-Q3,2023Q3
2023-06-21,FY23-W38,2023W38,FY23-JUN,2023M9,FY23-Q3,2023Q3
2023-06-22,FY23-W38,2023W38,FY23-JUN,2023M9,FY23-Q3,2023Q3
2023-06-23,FY23-W38,2023W38,FY23-JUN,2023M9,FY23-Q3,2023Q3
2023-06-24,FY23-W38,2023W38,FY23-JUN,2023M9,FY23-Q3,2023Q3
2023-06-25,FY23-W38,2023W38,FY23-JUN,2023M9,FY23-Q3,2023Q3
2023-06-26,FY23-W39,2023W39,FY23-JUN,2023M9,FY23-Q3,2023Q3
2023-06-27,FY23-W39,2023W39,FY23-JUN,2023M9,FY23-Q3,2023Q3
2023-06-28,FY23-W39,2023W39,FY23-JUN,2023M9,FY23-Q3,2023Q3
2023-06-29,FY23-W39,2023W39,FY23-JUN,2023M9,FY23-Q3,2023Q3
2023-06-30,FY23-W39,2023W39,FY23-JUN,2023M9,FY23-Q3,2023Q3
2023-07-01,FY23-W39,2023W39,FY23-JUN,2023M9,FY23-Q3,2023Q3
2023-07-02,FY23-W39,2023W39,FY23-JUN,2023M9,FY23-Q3,2023Q3
2023-07-03,FY23-W40,2023W40,FY23-JUL,2023M10,FY23-Q4,2023Q4
2023-07-04,FY23-W40,2023W40,FY23-JUL,2023M10,FY23-Q4,2023Q4
2023-07-05,FY23-W40,2023W40,FY23-JUL,2023M10,FY23-Q4,2023Q4
2023-07-06,FY23-W40,2023W40,FY23-JUL,2023M10,FY23-Q4,2023Q4
2023-07-07,FY23-W40,2023W40,FY23-JUL,2023M10,FY23-Q4,2023Q4
2023-07-08,FY23-W40,2023W40,FY23-JUL,2023M10,FY23-Q4,2023Q4
2023-07-09,FY23-W40,2023W40,FY23-JUL,2023M10,FY23-Q4,2023Q4
2023-07-10,FY23-W41,2023W41,FY23-JUL,2023M10,FY23-Q4,2023Q4
2023-07-11,FY23-W41,2023W41,FY23-JUL,2023M10,FY23-Q4,2023Q4
2023-07-12,FY23-W41,2023W41,FY23-JUL,2023M10,FY23-Q4,2023Q4
2023-07-13,FY23-W41,2023W41,FY23-JUL,2023M10,FY23-Q4,2023Q4
2023-07-14,FY23-W41,2023W41,FY23-JUL,2023M10,FY23-Q4,2023Q4
2023-07-15,FY23-W41,2023W41,FY23-JUL,2023M10,FY23-Q4,2023Q4
2023-07-16,FY23-W41,2023W41,FY23-JUL,2023M10,FY23-Q4,2023Q4
2023-07-17,FY23-W42,2023W42,FY23-JUL,2023M10,FY23-Q4,2023Q4
2023-07-18,FY23-W42,2023W42,FY23-JUL,2023M10,FY23-Q4,2023Q4
2023-07-19,FY23-W42,2023W42,FY23-JUL,2023M10,FY23-Q4,2023Q4
2023-07-20,FY23-W42,2023W42,FY23-JUL,2023M10,FY23-Q4,2023Q4
2023-07-21,FY23-W42,2023W42,FY23-JUL,2023M10,FY23-Q4,2023Q4
2023-07-22,FY23-W42,2023W42,FY23-JUL,2023M10,FY23-Q4,2023Q4
2023-07-23,FY23-W42,2023W42,FY23-JUL,2023M10,FY23-Q4,2023Q4
2023-07-24,FY23-W43,2023W43,FY23-JUL,2023M10,FY23-Q4,2023Q4
2023-07-25,FY23-W43,2023W43,FY23-JUL,2023M10,FY23-Q4,2023Q4
2023-07-26,FY23-W43,2023W43,FY23-JUL,2023M10,FY23-Q4,2023Q4
2023-07-27,FY23-W43,2023W43,FY23-JUL,2023M10,FY23-Q4,2023Q4
2023-07-28,FY23-W43,2023W43,FY23-JUL,2023M10,FY23-Q4,2023Q4
2023-07-29,FY23-W43,2023W43,FY23-JUL,2023M10,FY23-Q4,2023Q4
2023-07-30,FY23-W43,2023W43,FY23-JUL,2023M10,FY23-Q4,2023Q4
2023-07-31,FY23-W44,2023W44,FY23-AUG,2023M11,FY23-Q4,2023Q4
2023-08-01,FY23-W44,2023W44,FY23-AUG,2023M11,FY23-Q4,2023Q4
2023-08-02,FY23-W44,2023W44,FY23-AUG,2023M11,FY23-Q4,2023Q4
2023-08-03,FY23-W44,2023W44,FY23-AUG,2023M11,FY23-Q4,2023Q4
2023-08-04,FY23-W44,2023W44,FY23-AUG,2023M11,FY23-Q4,2023Q4
2023-08-05,FY23-W44,2023W44,FY23-AUG,2023M11,FY23-Q4,2023Q4
2023-08-06,FY23-W44,2023W44,FY23-AUG,2023M11,FY23-Q4,2023Q4
2023-08-07,FY23-W45,2023W45,FY23-AUG,2023M11,FY23-Q4,2023Q4
2023-08-08,FY23-W45,2023W45,FY23-AUG,2023M11,FY23-Q4,2023Q4
2023-08-09,FY23-W45,2023W45,FY23-AUG,2023M11,FY23-Q4,2023Q4
2023-08-10,FY23-W45,2023W45,FY23-AUG,2023M11,FY23-Q4,2023Q4
2023-08-11,FY23-W45,2023W45,FY23-AUG,2023M11,FY23-Q4,2023Q4
2023-08-12,FY23-W45,2023W45,FY23-AUG,2023M11,FY23-Q4,2023Q4
2023-08-13,FY23-W45,2023W45,FY23-AUG,2023M11,FY23-Q4,2023Q4
2023-08-14,FY23-W46,2023W46,FY23-AUG,2023M11,FY23-Q4,2023Q4
2023-08-15,FY23-W46,2023W46,FY23-AUG,2023M11,FY23-Q4,2023Q4
2023-08-16,FY23-W46,2023W46,FY23-AUG,2023M11,FY23-Q4,2023Q4
2023-08-17,FY23-W46,2023W46,FY23-AUG,2023M11,FY23-Q4,2023Q4
2023-08-18,FY23-W46,2023W46,FY23-AUG,2023M11,FY23-Q4,2023Q4
2023-08-19,FY23-W46,2023W46,FY23-AUG,2023M11,FY23-Q4,2023Q4
2023-08-20,FY23-W46,2023W46,FY23-AUG,2023M11,FY23-Q4,2023Q4
2023-08-21,FY23-W47,2023W47,FY23-AUG,2023M11,FY23-Q4,2023Q4
2023-08-22,FY23-W47,2023W47,FY23-AUG,2023M11,FY23-Q4,2023Q4
2023-08-23,FY23-W47,2023W47,FY23-AUG,2023M11,FY23-Q4,2023Q4
2023-08-24,FY23-W47,2023W47,FY23-AUG,2023M11,FY23-Q4,2023Q4
2023-08-25,FY23-W47,2023W47,FY23-AUG,2023M11,FY23-Q4,2023Q4
2023-08-26,FY23-W47,2023W47,FY23-AUG,2023M11,FY23-Q4,2023Q4
2023-08-27,FY23-W47,2023W47,FY23-AUG,2023M11,FY23-Q4,2023Q4
2023-08-28,FY23-W48,2023W48,FY23-AUG,2023M11,FY23-Q4,2023Q4
2023-08-29,FY23-W48,2023W48,FY23-AUG,2023M11,FY23-Q4,2023Q4
2023-08-30,FY23-W48,2023W48,FY23-AUG,2023M11,FY23-Q4,2023Q4
2023-08-31,FY23-W48,2023W48,FY23-AUG,2023M11,FY23-Q4,2023Q4
2023-09-01,FY23-W48,2023W48,FY23-AUG,2023M11,FY23-Q4,2023Q4
2023-09-02,FY23-W48,2023W48,FY23-AUG,2023M11,FY23-Q4,2023Q4
2023-09-03,FY23-W48,2023W48,FY23-AUG,2023M11,FY23-Q4,2023Q4
2023-09-04,FY23-W49,2023W49,FY23-SEP,2023M12,FY23-Q4,2023Q4
2023-09-05,FY23-W49,2023W49,FY23-SEP,2023M12,FY23-Q4,2023Q4
2023-09-06,FY23-W49,2023W49,FY23-SEP,2023M12,FY23-Q4,2023Q4
2023-09-07,FY23-W49,2023W49,FY23-SEP,2023M12,FY23-Q4,2023Q4
2023-09-08,FY23-W49,2023W49,FY23-SEP,2023M12,FY23-Q4,2023Q4
2023-09-09,FY23-W49,2023W49,FY23-SEP,2023M12,FY23-Q4,2023Q4
2023-09-10,FY23-W49,2023W49,FY23-SEP,2023M12,FY23-Q4,2023Q4
2023-09-11,FY23-W50,2023W50,FY23-SEP,2023M12,FY23-Q4,2023Q4
2023-09-12,FY23-W50,2023W50,FY23-SEP,2023M12,FY23-Q4,2023Q4
2023-09-13,FY23-W50,2023W50,FY23-SEP,2023M12,FY23-Q4,2023Q4
2023-09-14,FY23-W50,2023W50,FY23-SEP,2023M12,FY23-Q4,2023Q4
2023-09-15,FY23-W50,2023W50,FY23-SEP,2023M12,FY23-Q4,2023Q4
2023-09-16,FY23-W50,2023W50,FY23-SEP,2023M12,FY23-Q4,2023Q4
2023-09-17,FY23-W50,2023W50,FY23-SEP,2023M12,FY23-Q4,2023Q4
2023-09-18,FY23-W51,2023W51,FY23-SEP,2023M12,FY23-Q4,2023Q4
2023-09-19,FY23-W51,2023W51,FY23-SEP,2023M12,FY23-Q4,2023Q4
2023-09-20,FY23-W51,2023W51,FY23-SEP,2023M12,FY23-Q4,2023Q4
2023-09-21,FY23-W51,2023W51,FY23-SEP,2023M12,FY23-Q4,2023Q4
2023-09-22,FY23-W51,2023W51,FY23-SEP,2023M12,FY23-Q4,2023Q4
2023-09-23,FY23-W51,2023W51,FY23-SEP,2023M12,FY23-Q4,2023Q4
2023-09-24,FY23-W51,2023W51,FY23-SEP,2023M12,FY23-Q4,2023Q4
2023-09-25,FY23-W52,2023W52,FY23-SEP,2023M12,FY23-Q4,2023Q4
2023-09-26,FY23-W52,2023W52,FY23-SEP,2023M12,FY23-Q4,2023Q4
2023-09-27,FY23-W52,2023W52,FY23-SEP,2023M12,FY23-Q4,2023Q4
2023-09-28,FY23-W52,2023W52,FY23-SEP,2023M12,FY23-Q4,2023Q4
2023-09-29,FY23-W52,2023W52,FY23-SEP,2023M12,FY23-Q4,2023Q4
2023-09-30,FY23-W52,2023W52,FY23-SEP,2023M12,FY23-Q4,2023Q4
2023-10-01,FY23-W52,2023W52,FY23-SEP,2023M12,FY23-Q4,2023Q4
2023-10-02,FY24-W01,2024W1,FY24-OCT,2024M1,FY24-Q1,2024Q1
2023-10-03,FY24-W01,2024W1,FY24-OCT,2024M1,FY24-Q1,2024Q1
2023-10-04,FY24-W01,2024W1,FY24-OCT,2024M1,FY24-Q1,2024Q1
2023-10-05,FY24-W01,2024W1,FY24-OCT,2024M1,FY24-Q1,2024Q1
2023-10-06,FY24-W01,2024W1,FY24-OCT,2024M1,FY24-Q1,2024Q1
2023-10-07,FY24-W01,2024W1,FY24-OCT,2024M1,FY24-Q1,2024Q1
2023-10-08,FY24-W01,2024W1,FY24-OCT,2024M1,FY24-Q1,2024Q1
2023-10-09,FY24-W02,2024W2,FY24-OCT,2024M1,FY24-Q1,2024Q1
2023-10-10,FY24-W02,2024W2,FY24-OCT,2024M1,FY24-Q1,2024Q1
2023-10-11,FY24-W02,2024W2,FY24-OCT,2024M1,FY24-Q1,2024Q1
2023-10-12,FY24-W02,2024W2,FY24-OCT,2024M1,FY24-Q1,2024Q1
2023-10-13,FY24-W02,2024W2,FY24-OCT,2024M1,FY24-Q1,2024Q1
2023-10-14,FY24-W02,2024W2,FY24-OCT,2024M1,FY24-Q1,2024Q1
2023-10-15,FY24-W02,2024W2,FY24-OCT,2024M1,FY24-Q1,2024Q1
2023-10-16,FY24-W03,2024W3,FY24-OCT,2024M1,FY24-Q1,2024Q1
2023-10-17,FY24-W03,2024W3,FY24-OCT,2024M1,FY24-Q1,2024Q1
2023-10-18,FY24-W03,2024W3,FY24-OCT,2024M1,FY24-Q1,2024Q1
2023-10-19,FY24-W03,2024W3,FY24-OCT,2024M1,FY24-Q1,2024Q1
2023-10-20,FY24-W03,2024W3,FY24-OCT,2024M1,FY24-Q1,2024Q1
2023-10-21,FY24-W03,2024W3,FY24-OCT,2024M1,FY24-Q1,2024Q1
2023-10-22,FY24-W03,2024W3,FY24-OCT,2024M1,FY24-Q1,2024Q1
2023-10-23,FY24-W04,2024W4,FY24-OCT,2024M1,FY24-Q1,2024Q1
2023-10-24,FY24-W04,2024W4,FY24-OCT,2024M1,FY24-Q1,2024Q1
2023-10-25,FY24-W04,2024W4,FY24-OCT,2024M1,FY24-Q1,2024Q1
2023-10-26,FY24-W04,2024W4,FY24-OCT,2024M1,FY24-Q1,2024Q1
2023-10-27,FY24-W04,2024W4,FY24-OCT,2024M1,FY24-Q1,2024Q1
2023-10-28,FY24-W04,2024W4,FY24-OCT,2024M1,FY24-Q1,2024Q1
2023-10-29,FY24-W04,2024W4,FY24-OCT,2024M1,FY24-Q1,2024Q1
2023-10-30,FY24-W05,2024W5,FY24-NOV,2024M2,FY24-Q1,2024Q1
2023-10-31,FY24-W05,2024W5,FY24-NOV,2024M2,FY24-Q1,2024Q1
2023-11-01,FY24-W05,2024W5,FY24-NOV,2024M2,FY24-Q1,2024Q1
2023-11-02,FY24-W05,2024W5,FY24-NOV,2024M2,FY24-Q1,2024Q1
2023-11-03,FY24-W05,2024W5,FY24-NOV,2024M2,FY24-Q1,2024Q1
2023-11-04,FY24-W05,2024W5,FY24-NOV,2024M2,FY24-Q1,2024Q1
2023-11-05,FY24-W05,2024W5,FY24-NOV,2024M2,FY24-Q1,2024Q1
2023-11-06,FY24-W06,2024W6,FY24-NOV,2024M2,FY24-Q1,2024Q1
2023-11-07,FY24-W06,2024W6,FY24-NOV,2024M2,FY24-Q1,2024Q1
2023-11-08,FY24-W06,2024W6,FY24-NOV,2024M2,FY24-Q1,2024Q1
2023-11-09,FY24-W06,2024W6,FY24-NOV,2024M2,FY24-Q1,2024Q1
2023-11-10,FY24-W06,2024W6,FY24-NOV,2024M2,FY24-Q1,2024Q1
2023-11-11,FY24-W06,2024W6,FY24-NOV,2024M2,FY24-Q1,2024Q1
2023-11-12,FY24-W06,2024W6,FY24-NOV,2024M2,FY24-Q1,2024Q1
2023-11-13,FY24-W07,2024W7,FY24-NOV,2024M2,FY24-Q1,2024Q1
2023-11-14,FY24-W07,2024W7,FY24-NOV,2024M2,FY24-Q1,2024Q1
2023-11-15,FY24-W07,2024W7,FY24-NOV,2024M2,FY24-Q1,2024Q1
2023-11-16,FY24-W07,2024W7,FY24-NOV,2024M2,FY24-Q1,2024Q1
2023-11-17,FY24-W07,2024W7,FY24-NOV,2024M2,FY24-Q1,2024Q1
2023-11-18,FY24-W07,2024W7,FY24-NOV,2024M2,FY24-Q1,2024Q1
2023-11-19,FY24-W07,2024W7,FY24-NOV,2024M2,FY24-Q1,2024Q1
2023-11-20,FY24-W08,2024W8,FY24-NOV,2024M2,FY24-Q1,2024Q1
2023-11-21,FY24-W08,2024W8,FY24-NOV,2024M2,FY24-Q1,2024Q1
2023-11-22,FY24-W08,2024W8,FY24-NOV,2024M2,FY24-Q1,2024Q1
2023-11-23,FY24-W08,2024W8,FY24-NOV,2024M2,FY24-Q1,2024Q1
2023-11-24,FY24-W08,2024W8,FY24-NOV,2024M2,FY24-Q1,2024Q1
2023-11-25,FY24-W08,2024W8,FY24-NOV,2024M2,FY24-Q1,2024Q1
2023-11-26,FY24-W08,2024W8,FY24-NOV,2024M2,FY24-Q1,2024Q1
2023-11-27,FY24-W09,2024W9,FY24-NOV,2024M2,FY24-Q1,2024Q1
2023-11-28,FY24-W09,2024W9,FY24-NOV,2024M2,FY24-Q1,2024Q1
2023-11-29,FY24-W09,2024W9,FY24-NOV,2024M2,FY24-Q1,2024Q1
2023-11-30,FY24-W09,2024W9,FY24-NOV,2024M2,FY24-Q1,2024Q1
2023-12-01,FY24-W09,2024W9,FY24-NOV,2024M2,FY24-Q1,2024Q1
2023-12-02,FY24-W09,2024W9,FY24-NOV,2024M2,FY24-Q1,2024Q1
2023-12-03,FY24-W09,2024W9,FY24-NOV,2024M2,FY24-Q1,2024Q1
2023-12-04,FY24-W10,2024W10,FY24-DEC,2024M3,FY24-Q1,2024Q1
2023-12-05,FY24-W10,2024W10,FY24-DEC,2024M3,FY24-Q1,2024Q1
2023-12-06,FY24-W10,2024W10,FY24-DEC,2024M3,FY24-Q1,2024Q1
2023-12-07,FY24-W10,2024W10,FY24-DEC,2024M3,FY24-Q1,2024Q1
2023-12-08,FY24-W10,2024W10,FY24-DEC,2024M3,FY24-Q1,2024Q1
2023-12-09,FY24-W10,2024W10,FY24-DEC,2024M3,FY24-Q1,2024Q1
2023-12-10,FY24-W10,2024W10,FY24-DEC,2024M3,FY24-Q1,2024Q1
2023-12-11,FY24-W11,2024W11,FY24-DEC,2024M3,FY24-Q1,2024Q1
2023-12-12,FY24-W11,2024W11,FY24-DEC,2024M3,FY24-Q1,2024Q1
2023-12-13,FY24-W11,2024W11,FY24-DEC,2024M3,FY24-Q1,2024Q1
2023-12-14,FY24-W11,2024W11,FY24-DEC,2024M3,FY24-Q1,2024Q1
2023-12-15,FY24-W11,2024W11,FY24-DEC,2024M3,FY24-Q1,2024Q1
2023-12-16,FY24-W11,2024W11,FY24-DEC,2024M3,FY24-Q1,2024Q1
2023-12-17,FY24-W11,2024W11,FY24-DEC,2024M3,FY24-Q1,2024Q1
2023-12-18,FY24-W12,2024W12,FY24-DEC,2024M3,FY24-Q1,2024Q1
2023-12-19,FY24-W12,2024W12,FY24-DEC,2024M3,FY24-Q1,2024Q1
2023-12-20,FY24-W12,2024W12,FY24-DEC,2024M3,FY24-Q1,2024Q1
2023-12-21,FY24-W12,2024W12,FY24-DEC,2024M3,FY24-Q1,2024Q1
2023-12-22,FY24-W12,2024W12,FY24-DEC,2024M3,FY24-Q1,2024Q1
2023-12-23,FY24-W12,2024W12,FY24-DEC,2024M3,FY24-Q1,2024Q1
2023-12-24,FY24-W12,2024W12,FY24-DEC,2024M3,FY24-Q1,2024Q1
2023-12-25,FY24-W13,2024W13,FY24-DEC,2024M3,FY24-Q1,2024Q1
2023-12-26,FY24-W13,2024W13,FY24-DEC,2024M3,FY24-Q1,2024Q1
2023-12-27,FY24-W13,2024W13,FY24-DEC,2024M3,FY24-Q1,2024Q1
2023-12-28,FY24-W13,2024W13,FY24-DEC,2024M3,FY24-Q1,2024Q1
2023-12-29,FY24-W13,2024W13,FY24-DEC,2024M3,FY24-Q1,2024Q1
2023-12-30,FY24-W13,2024W13,FY24-DEC,2024M3,FY24-Q1,2024Q1
2023-12-31,FY24-W13,2024W13,FY24-DEC,2024M3,FY24-Q1,2024Q1
2024-01-01,FY24-W14,2024W14,FY24-JAN,2024M4,FY24-Q2,2024Q2
2024-01-02,FY24-W14,2024W14,FY24-JAN,2024M4,FY24-Q2,2024Q2
2024-01-03,FY24-W14,2024W14,FY24-JAN,2024M4,FY24-Q2,2024Q2
2024-01-04,FY24-W14,2024W14,FY24-JAN,2024M4,FY24-Q2,2024Q2
2024-01-05,FY24-W14,2024W14,FY24-JAN,2024M4,FY24-Q2,2024Q2
2024-01-06,FY24-W14,2024W14,FY24-JAN,2024M4,FY24-Q2,2024Q2
2024-01-07,FY24-W14,2024W14,FY24-JAN,2024M4,FY24-Q2,2024Q2
2024-01-08,FY24-W15,2024W15,FY24-JAN,2024M4,FY24-Q2,2024Q2
2024-01-09,FY24-W15,2024W15,FY24-JAN,2024M4,FY24-Q2,2024Q2
2024-01-10,FY24-W15,2024W15,FY24-JAN,2024M4,FY24-Q2,2024Q2
2024-01-11,FY24-W15,2024W15,FY24-JAN,2024M4,FY24-Q2,2024Q2
2024-01-12,FY24-W15,2024W15,FY24-JAN,2024M4,FY24-Q2,2024Q2
2024-01-13,FY24-W15,2024W15,FY24-JAN,2024M4,FY24-Q2,2024Q2
2024-01-14,FY24-W15,2024W15,FY24-JAN,2024M4,FY24-Q2,2024Q2
2024-01-15,FY24-W16,2024W16,FY24-JAN,2024M4,FY24-Q2,2024Q2
2024-01-16,FY24-W16,2024W16,FY24-JAN,2024M4,FY24-Q2,2024Q2
2024-01-17,FY24-W16,2024W16,FY24-JAN,2024M4,FY24-Q2,2024Q2
2024-01-18,FY24-W16,2024W16,FY24-JAN,2024M4,FY24-Q2,2024Q2
2024-01-19,FY24-W16,2024W16,FY24-JAN,2024M4,FY24-Q2,2024Q2
2024-01-20,FY24-W16,2024W16,FY24-JAN,2024M4,FY24-Q2,2024Q2
2024-01-21,FY24-W16,2024W16,FY24-JAN,2024M4,FY24-Q2,2024Q2
2024-01-22,FY24-W17,2024W17,FY24-JAN,2024M4,FY24-Q2,2024Q2
2024-01-23,FY24-W17,2024W17,FY24-JAN,2024M4,FY24-Q2,2024Q2
2024-01-24,FY24-W17,2024W17,FY24-JAN,2024M4,FY24-Q2,2024Q2
2024-01-25,FY24-W17,2024W17,FY24-JAN,2024M4,FY24-Q2,2024Q2
2024-01-26,FY24-W17,2024W17,FY24-JAN,2024M4,FY24-Q2,2024Q2
2024-01-27,FY24-W17,2024W17,FY24-JAN,2024M4,FY24-Q2,2024Q2
2024-01-28,FY24-W17,2024W17,FY24-JAN,2024M4,FY24-Q2,2024Q2
2024-01-29,FY24-W18,2024W18,FY24-FEB,2024M5,FY24-Q2,2024Q2
2024-01-30,FY24-W18,2024W18,FY24-FEB,2024M5,FY24-Q2,2024Q2
2024-01-31,FY24-W18,2024W18,FY24-FEB,2024M5,FY24-Q2,2024Q2
2024-02-01,FY24-W18,2024W18,FY24-FEB,2024M5,FY24-Q2,2024Q2
2024-02-02,FY24-W18,2024W18,FY24-FEB,2024M5,FY24-Q2,2024Q2
2024-02-03,FY24-W18,2024W18,FY24-FEB,2024M5,FY24-Q2,2024Q2
2024-02-04,FY24-W18,2024W18,FY24-FEB,2024M5,FY24-Q2,2024Q2
2024-02-05,FY24-W19,2024W19,FY24-FEB,2024M5,FY24-Q2,2024Q2
2024-02-06,FY24-W19,2024W19,FY24-FEB,2024M5,FY24-Q2,2024Q2
2024-02-07,FY24-W19,2024W19,FY24-FEB,2024M5,FY24-Q2,2024Q2
2024-02-08,FY24-W19,2024W19,FY24-FEB,2024M5,FY24-Q2,2024Q2
2024-02-09,FY24-W19,2024W19,FY24-FEB,2024M5,FY24-Q2,2024Q2
2024-02-10,FY24-W19,2024W19,FY24-FEB,2024M5,FY24-Q2,2024Q2
2024-02-11,FY24-W19,2024W19,FY24-FEB,2024M5,FY24-Q2,2024Q2
2024-02-12,FY24-W20,2024W20,FY24-FEB,2024M5,FY24-Q2,2024Q2
2024-02-13,FY24-W20,2024W20,FY24-FEB,2024M5,FY24-Q2,2024Q2
2024-02-14,FY24-W20,2024W20,FY24-FEB,2024M5,FY24-Q2,2024Q2
2024-02-15,FY24-W20,2024W20,FY24-FEB,2024M5,FY24-Q2,2024Q2
2024-02-16,FY24-W20,2024W20,FY24-FEB,2024M5,FY24-Q2,2024Q2
2024-02-17,FY24-W20,2024W20,FY24-FEB,2024M5,FY24-Q2,2024Q2
2024-02-18,FY24-W20,2024W20,FY24-FEB,2024M5,FY24-Q2,2024Q2
2024-02-19,FY24-W21,2024W21,FY24-FEB,2024M5,FY24-Q2,2024Q2
2024-02-20,FY24-W21,2024W21,FY24-FEB,2024M5,FY24-Q2,2024Q2
2024-02-21,FY24-W21,2024W21,FY24-FEB,2024M5,FY24-Q2,2024Q2
2024-02-22,FY24-W21,2024W21,FY24-FEB,2024M5,FY24-Q2,2024Q2
2024-02-23,FY24-W21,2024W21,FY24-FEB,2024M5,FY24-Q2,2024Q2
2024-02-24,FY24-W21,2024W21,FY24-FEB,2024M5,FY24-Q2,2024Q2
2024-02-25,FY24-W21,2024W21,FY24-FEB,2024M5,FY24-Q2,2024Q2
2024-02-26,FY24-W22,2024W22,FY24-FEB,2024M5,FY24-Q2,2024Q2
2024-02-27,FY24-W22,2024W22,FY24-FEB,2024M5,FY24-Q2,2024Q2
2024-02-28,FY24-W22,2024W22,FY24-FEB,2024M5,FY24-Q2,2024Q2
2024-02-29,FY24-W22,2024W22,FY24-FEB,2024M5,FY24-Q2,2024Q2
2024-03-01,FY24-W22,2024W22,FY24-FEB,2024M5,FY24-Q2,2024Q2
2024-03-02,FY24-W22,2024W22,FY24-FEB,2024M5,FY24-Q2,2024Q2
2024-03-03,FY24-W22,2024W22,FY24-FEB,2024M5,FY24-Q2,2024Q2
2024-03-04,FY24-W23,2024W23,FY24-MAR,2024M6,FY24-Q2,2024Q2
2024-03-05,FY24-W23,2024W23,FY24-MAR,2024M6,FY24-Q2,2024Q2
2024-03-06,FY24-W23,2024W23,FY24-MAR,2024M6,FY24-Q2,2024Q2
2024-03-07,FY24-W23,2024W23,FY24-MAR,2024M6,FY24-Q2,2024Q2
2024-03-08,FY24-W23,2024W23,FY24-MAR,2024M6,FY24-Q2,2024Q2
2024-03-09,FY24-W23,2024W23,FY24-MAR,2024M6,FY24-Q2,2024Q2
2024-03-10,FY24-W23,2024W23,FY24-MAR,2024M6,FY24-Q2,2024Q2
2024-03-11,FY24-W24,2024W24,FY24-MAR,2024M6,FY24-Q2,2024Q2
2024-03-12,FY24-W24,2024W24,FY24-MAR,2024M6,FY24-Q2,2024Q2
2024-03-13,FY24-W24,2024W24,FY24-MAR,2024M6,FY24-Q2,2024Q2
2024-03-14,FY24-W24,2024W24,FY24-MAR,2024M6,FY24-Q2,2024Q2
2024-03-15,FY24-W24,2024W24,FY24-MAR,2024M6,FY24-Q2,2024Q2
2024-03-16,FY24-W24,2024W24,FY24-MAR,2024M6,FY24-Q2,2024Q2
2024-03-17,FY24-W24,2024W24,FY24-MAR,2024M6,FY24-Q2,2024Q2
2024-03-18,FY24-W25,2024W25,FY24-MAR,2024M6,FY24-Q2,2024Q2
2024-03-19,FY24-W25,2024W25,FY24-MAR,2024M6,FY24-Q2,2024Q2
2024-03-20,FY24-W25,2024W25,FY24-MAR,2024M6,FY24-Q2,2024Q2
2024-03-21,FY24-W25,2024W25,FY24-MAR,2024M6,FY24-Q2,2024Q2
2024-03-22,FY24-W25,2024W25,FY24-MAR,2024M6,FY24-Q2,2024Q2
2024-03-23,FY24-W25,2024W25,FY24-MAR,2024M6,FY24-Q2,2024Q2
2024-03-24,FY24-W25,2024W25,FY24-MAR,2024M6,FY24-Q2,2024Q2
2024-03-25,FY24-W26,2024W26,FY24-MAR,2024M6,FY24-Q2,2024Q2
2024-03-26,FY24-W26,2024W26,FY24-MAR,2024M6,FY24-Q2,2024Q2
2024-03-27,FY24-W26,2024W26,FY24-MAR,2024M6,FY24-Q2,2024Q2
2024-03-28,FY24-W26,2024W26,FY24-MAR,2024M6,FY24-Q2,2024Q2
2024-03-29,FY24-W26,2024W26,FY24-MAR,2024M6,FY24-Q2,2024Q2
2024-03-30,FY24-W26,2024W26,FY24-MAR,2024M6,FY24-Q2,2024Q2
2024-03-31,FY24-W26,2024W26,FY24-MAR,2024M6,FY24-Q2,2024Q2
2024-04-01,FY24-W27,2024W27,FY24-APR,2024M7,FY24-Q3,2024Q3
2024-04-02,FY24-W27,2024W27,FY24-APR,2024M7,FY24-Q3,2024Q3
2024-04-03,FY24-W27,2024W27,FY24-APR,2024M7,FY24-Q3,2024Q3
2024-04-04,FY24-W27,2024W27,FY24-APR,2024M7,FY24-Q3,2024Q3
2024-04-05,FY24-W27,2024W27,FY24-APR,2024M7,FY24-Q3,2024Q3
2024-04-06,FY24-W27,2024W27,FY24-APR,2024M7,FY24-Q3,2024Q3
2024-04-07,FY24-W27,2024W27,FY24-APR,2024M7,FY24-Q3,2024Q3
2024-04-08,FY24-W28,2024W28,FY24-APR,2024M7,FY24-Q3,2024Q3
2024-04-09,FY24-W28,2024W28,FY24-APR,2024M7,FY24-Q3,2024Q3
2024-04-10,FY24-W28,2024W28,FY24-APR,2024M7,FY24-Q3,2024Q3
2024-04-11,FY24-W28,2024W28,FY24-APR,2024M7,FY24-Q3,2024Q3
2024-04-12,FY24-W28,2024W28,FY24-APR,2024M7,FY24-Q3,2024Q3
2024-04-13,FY24-W28,2024W28,FY24-APR,2024M7,FY24-Q3,2024Q3
2024-04-14,FY24-W28,2024W28,FY24-APR,2024M7,FY24-Q3,2024Q3
2024-04-15,FY24-W29,2024W29,FY24-APR,2024M7,FY24-Q3,2024Q3
2024-04-16,FY24-W29,2024W29,FY24-APR,2024M7,FY24-Q3,2024Q3
2024-04-17,FY24-W29,2024W29,FY24-APR,2024M7,FY24-Q3,2024Q3
2024-04-18,FY24-W29,2024W29,FY24-APR,2024M7,FY24-Q3,2024Q3
2024-04-19,FY24-W29,2024W29,FY24-APR,2024M7,FY24-Q3,2024Q3
2024-04-20,FY24-W29,2024W29,FY24-APR,2024M7,FY24-Q3,2024Q3
2024-04-21,FY24-W29,2024W29,FY24-APR,2024M7,FY24-Q3,2024Q3
2024-04-22,FY24-W30,2024W30,FY24-APR,2024M7,FY24-Q3,2024Q3
2024-04-23,FY24-W30,2024W30,FY24-APR,2024M7,FY24-Q3,2024Q3
2024-04-24,FY24-W30,2024W30,FY24-APR,2024M7,FY24-Q3,2024Q3
2024-04-25,FY24-W30,2024W30,FY24-APR,2024M7,FY24-Q3,2024Q3
2024-04-26,FY24-W30,2024W30,FY24-APR,2024M7,FY24-Q3,2024Q3
2024-04-27,FY24-W30,2024W30,FY24-APR,2024M7,FY24-Q3,2024Q3
2024-04-28,FY24-W30,2024W30,FY24-APR,2024M7,FY24-Q3,2024Q3
2024-04-29,FY24-W31,2024W31,FY24-MAY,2024M8,FY24-Q3,2024Q3
2024-04-30,FY24-W31,2024W31,FY24-MAY,2024M8,FY24-Q3,2024Q3
2024-05-01,FY24-W31,2024W31,FY24-MAY,2024M8,FY24-Q3,2024Q3
2024-05-02,FY24-W31,2024W31,FY24-MAY,2024M8,FY24-Q3,2024Q3
2024-05-03,FY24-W31,2024W31,FY24-MAY,2024M8,FY24-Q3,2024Q3
2024-05-04,FY24-W31,2024W31,FY24-MAY,2024M8,FY24-Q3,2024Q3
2024-05-05,FY24-W31,2024W31,FY24-MAY,2024M8,FY24-Q3,2024Q3
2024-05-06,FY24-W32,2024W32,FY24-MAY,2024M8,FY24-Q3,2024Q3
2024-05-07,FY24-W32,2024W32,FY24-MAY,2024M8,FY24-Q3,2024Q3
2024-05-08,FY24-W32,2024W32,FY24-MAY,2024M8,FY24-Q3,2024Q3
2024-05-09,FY24-W32,2024W32,FY24-MAY,2024M8,FY24-Q3,2024Q3
2024-05-10,FY24-W32,2024W32,FY24-MAY,2024M8,FY24-Q3,2024Q3
2024-05-11,FY24-W32,2024W32,FY24-MAY,2024M8,FY24-Q3,2024Q3
2024-05-12,FY24-W32,2024W32,FY24-MAY,2024M8,FY24-Q3,2024Q3
2024-05-13,FY24-W33,2024W33,FY24-MAY,2024M8,FY24-Q3,2024Q3
2024-05-14,FY24-W33,2024W33,FY24-MAY,2024M8,FY24-Q3,2024Q3
2024-05-15,FY24-W33,2024W33,FY24-MAY,2024M8,FY24-Q3,2024Q3
2024-05-16,FY24-W33,2024W33,FY24-MAY,2024M8,FY24-Q3,2024Q3
2024-05-17,FY24-W33,2024W33,FY24-MAY,2024M8,FY24-Q3,2024Q3
2024-05-18,FY24-W33,2024W33,FY24-MAY,2024M8,FY24-Q3,2024Q3
2024-05-19,FY24-W33,2024W33,FY24-MAY,2024M8,FY24-Q3,2024Q3
2024-05-20,FY24-W34,2024W34,FY24-MAY,2024M8,FY24-Q3,2024Q3
2024-05-21,FY24-W34,2024W34,FY24-MAY,2024M8,FY24-Q3,2024Q3
2024-05-22,FY24-W34,2024W34,FY24-MAY,2024M8,FY24-Q3,2024Q3
2024-05-23,FY24-W34,2024W34,FY24-MAY,2024M8,FY24-Q3,2024Q3
2024-05-24,FY24-W34,2024W34,FY24-MAY,2024M8,FY24-Q3,2024Q3
2024-05-25,FY24-W34,2024W34,FY24-MAY,2024M8,FY24-Q3,2024Q3
2024-05-26,FY24-W34,2024W34,FY24-MAY,2024M8,FY24-Q3,2024Q3
2024-05-27,FY24-W35,2024W35,FY24-MAY,2024M8,FY24-Q3,2024Q3
2024-05-28,FY24-W35,2024W35,FY24-MAY,2024M8,FY24-Q3,2024Q3
2024-05-29,FY24-W35,2024W35,FY24-MAY,2024M8,FY24-Q3,2024Q3
2024-05-30,FY24-W35,2024W35,FY24-MAY,2024M8,FY24-Q3,2024Q3
2024-05-31,FY24-W35,2024W35,FY24-MAY,2024M8,FY24-Q3,2024Q3
2024-06-01,FY24-W35,2024W35,FY24-MAY,2024M8,FY24-Q3,2024Q3
2024-06-02,FY24-W35,2024W35,FY24-MAY,2024M8,FY24-Q3,2024Q3
2024-06-03,FY24-W36,2024W36,FY24-JUN,2024M9,FY24-Q3,2024Q3
2024-06-04,FY24-W36,2024W36,FY24-JUN,2024M9,FY24-Q3,2024Q3
2024-06-05,FY24-W36,2024W36,FY24-JUN,2024M9,FY24-Q3,2024Q3
2024-06-06,FY24-W36,2024W36,FY24-JUN,2024M9,FY24-Q3,2024Q3
2024-06-07,FY24-W36,2024W36,FY24-JUN,2024M9,FY24-Q3,2024Q3
2024-06-08,FY24-W36,2024W36,FY24-JUN,2024M9,FY24-Q3,2024Q3
2024-06-09,FY24-W36,2024W36,FY24-JUN,2024M9,FY24-Q3,2024Q3
2024-06-10,FY24-W37,2024W37,FY24-JUN,2024M9,FY24-Q3,2024Q3
2024-06-11,FY24-W37,2024W37,FY24-JUN,2024M9,FY24-Q3,2024Q3
2024-06-12,FY24-W37,2024W37,FY24-JUN,2024M9,FY24-Q3,2024Q3
2024-06-13,FY24-W37,2024W37,FY24-JUN,2024M9,FY24-Q3,2024Q3
2024-06-14,FY24-W37,2024W37,FY24-JUN,2024M9,FY24-Q3,2024Q3
2024-06-15,FY24-W37,2024W37,FY24-JUN,2024M9,FY24-Q3,2024Q3
2024-06-16,FY24-W37,2024W37,FY24-JUN,2024M9,FY24-Q3,2024Q3
2024-06-17,FY24-W38,2024W38,FY24-JUN,2024M9,FY24-Q3,2024Q3
2024-06-18,FY24-W38,2024W38,FY24-JUN,2024M9,FY24-Q3,2024Q3
2024-06-19,FY24-W38,2024W38,FY24-JUN,2024M9,FY24-Q3,2024Q3
2024-06-20,FY24-W38,2024W38,FY24-JUN,2024M9,FY24-Q3,2024Q3
2024-06-21,FY24-W38,2024W38,FY24-JUN,2024M9,FY24-Q3,2024Q3
2024-06-22,FY24-W38,2024W38,FY24-JUN,2024M9,FY24-Q3,2024Q3
2024-06-23,FY24-W38,2024W38,FY24-JUN,2024M9,FY24-Q3,2024Q3
2024-06-24,FY24-W39,2024W39,FY24-JUN,2024M9,FY24-Q3,2024Q3
2024-06-25,FY24-W39,2024W39,FY24-JUN,2024M9,FY24-Q3,2024Q3
2024-06-26,FY24-W39,2024W39,FY24-JUN,2024M9,FY24-Q3,2024Q3
2024-06-27,FY24-W39,2024W39,FY24-JUN,2024M9,FY24-Q3,2024Q3
2024-06-28,FY24-W39,2024W39,FY24-JUN,2024M9,FY24-Q3,2024Q3
2024-06-29,FY24-W39,2024W39,FY24-JUN,2024M9,FY24-Q3,2024Q3
2024-06-30,FY24-W39,2024W39,FY24-JUN,2024M9,FY24-Q3,2024Q3
2024-07-01,FY24-W40,2024W40,FY24-JUL,2024M10,FY24-Q4,2024Q4
2024-07-02,FY24-W40,2024W40,FY24-JUL,2024M10,FY24-Q4,2024Q4
2024-07-03,FY24-W40,2024W40,FY24-JUL,2024M10,FY24-Q4,2024Q4
2024-07-04,FY24-W40,2024W40,FY24-JUL,2024M10,FY24-Q4,2024Q4
2024-07-05,FY24-W40,2024W40,FY24-JUL,2024M10,FY24-Q4,2024Q4
2024-07-06,FY24-W40,2024W40,FY24-JUL,2024M10,FY24-Q4,2024Q4
2024-07-07,FY24-W40,2024W40,FY24-JUL,2024M10,FY24-Q4,2024Q4
2024-07-08,FY24-W41,2024W41,FY24-JUL,2024M10,FY24-Q4,2024Q4
2024-07-09,FY24-W41,2024W41,FY24-JUL,2024M10,FY24-Q4,2024Q4
2024-07-10,FY24-W41,2024W41,FY24-JUL,2024M10,FY24-Q4,2024Q4
2024-07-11,FY24-W41,2024W41,FY24-JUL,2024M10,FY24-Q4,2024Q4
2024-07-12,FY24-W41,2024W41,FY24-JUL,2024M10,FY24-Q4,2024Q4
2024-07-13,FY24-W41,2024W41,FY24-JUL,2024M10,FY24-Q4,2024Q4
2024-07-14,FY24-W41,2024W41,FY24-JUL,2024M10,FY24-Q4,2024Q4
2024-07-15,FY24-W42,2024W42,FY24-JUL,2024M10,FY24-Q4,2024Q4
2024-07-16,FY24-W42,2024W42,FY24-JUL,2024M10,FY24-Q4,2024Q4
2024-07-17,FY24-W42,2024W42,FY24-JUL,2024M10,FY24-Q4,2024Q4
2024-07-18,FY24-W42,2024W42,FY24-JUL,2024M10,FY24-Q4,2024Q4
2024-07-19,FY24-W42,2024W42,FY24-JUL,2024M10,FY24-Q4,2024Q4
2024-07-20,FY24-W42,2024W42,FY24-JUL,2024M10,FY24-Q4,2024Q4
2024-07-21,FY24-W42,2024W42,FY24-JUL,2024M10,FY24-Q4,2024Q4
2024-07-22,FY24-W43,2024W43,FY24-JUL,2024M10,FY24-Q4,2024Q4
2024-07-23,FY24-W43,2024W43,FY24-JUL,2024M10,FY24-Q4,2024Q4
2024-07-24,FY24-W43,2024W43,FY24-JUL,2024M10,FY24-Q4,2024Q4
2024-07-25,FY24-W43,2024W43,FY24-JUL,2024M10,FY24-Q4,2024Q4
2024-07-26,FY24-W43,2024W43,FY24-JUL,2024M10,FY24-Q4,2024Q4
2024-07-27,FY24-W43,2024W43,FY24-JUL,2024M10,FY24-Q4,2024Q4
2024-07-28,FY24-W43,2024W43,FY24-JUL,2024M10,FY24-Q4,2024Q4
2024-07-29,FY24-W44,2024W44,FY24-AUG,2024M11,FY24-Q4,2024Q4
2024-07-30,FY24-W44,2024W44,FY24-AUG,2024M11,FY24-Q4,2024Q4
2024-07-31,FY24-W44,2024W44,FY24-AUG,2024M11,FY24-Q4,2024Q4
2024-08-01,FY24-W44,2024W44,FY24-AUG,2024M11,FY24-Q4,2024Q4
2024-08-02,FY24-W44,2024W44,FY24-AUG,2024M11,FY24-Q4,2024Q4
2024-08-03,FY24-W44,2024W44,FY24-AUG,2024M11,FY24-Q4,2024Q4
2024-08-04,FY24-W44,2024W44,FY24-AUG,2024M11,FY24-Q4,2024Q4
2024-08-05,FY24-W45,2024W45,FY24-AUG,2024M11,FY24-Q4,2024Q4
2024-08-06,FY24-W45,2024W45,FY24-AUG,2024M11,FY24-Q4,2024Q4
2024-08-07,FY24-W45,2024W45,FY24-AUG,2024M11,FY24-Q4,2024Q4
2024-08-08,FY24-W45,2024W45,FY24-AUG,2024M11,FY24-Q4,2024Q4
2024-08-09,FY24-W45,2024W45,FY24-AUG,2024M11,FY24-Q4,2024Q4
2024-08-10,FY24-W45,2024W45,FY24-AUG,2024M11,FY24-Q4,2024Q4
2024-08-11,FY24-W45,2024W45,FY24-AUG,2024M11,FY24-Q4,2024Q4
2024-08-12,FY24-W46,2024W46,FY24-AUG,2024M11,FY24-Q4,2024Q4
2024-08-13,FY24-W46,2024W46,FY24-AUG,2024M11,FY24-Q4,2024Q4
2024-08-14,FY24-W46,2024W46,FY24-AUG,2024M11,FY24-Q4,2024Q4
2024-08-15,FY24-W46,2024W46,FY24-AUG,2024M11,FY24-Q4,2024Q4
2024-08-16,FY24-W46,2024W46,FY24-AUG,2024M11,FY24-Q4,2024Q4
2024-08-17,FY24-W46,2024W46,FY24-AUG,2024M11,FY24-Q4,2024Q4
2024-08-18,FY24-W46,2024W46,FY24-AUG,2024M11,FY24-Q4,2024Q4
2024-08-19,FY24-W47,2024W47,FY24-AUG,2024M11,FY24-Q4,2024Q4
2024-08-20,FY24-W47,2024W47,FY24-AUG,2024M11,FY24-Q4,2024Q4
2024-08-21,FY24-W47,2024W47,FY24-AUG,2024M11,FY24-Q4,2024Q4
2024-08-22,FY24-W47,2024W47,FY24-AUG,2024M11,FY24-Q4,2024Q4
2024-08-23,FY24-W47,2024W47,FY24-AUG,2024M11,FY24-Q4,2024Q4
2024-08-24,FY24-W47,2024W47,FY24-AUG,2024M11,FY24-Q4,2024Q4
2024-08-25,FY24-W47,2024W47,FY24-AUG,2024M11,FY24-Q4,2024Q4
2024-08-26,FY24-W48,2024W48,FY24-AUG,2024M11,FY24-Q4,2024Q4
2024-08-27,FY24-W48,2024W48,FY24-AUG,2024M11,FY24-Q4,2024Q4
2024-08-28,FY24-W48,2024W48,FY24-AUG,2024M11,FY24-Q4,2024Q4
2024-08-29,FY24-W48,2024W48,FY24-AUG,2024M11,FY24-Q4,2024Q4
2024-08-30,FY24-W48,2024W48,FY24-AUG,2024M11,FY24-Q4,2024Q4
2024-08-31,FY24-W48,2024W48,FY24-AUG,2024M11,FY24-Q4,2024Q4
2024-09-01,FY24-W48,2024W48,FY24-AUG,2024M11,FY24-Q4,2024Q4
2024-09-02,FY24-W49,2024W49,FY24-SEP,2024M12,FY24-Q4,2024Q4
2024-09-03,FY24-W49,2024W49,FY24-SEP,2024M12,FY24-Q4,2024Q4
2024-09-04,FY24-W49,2024W49,FY24-SEP,2024M12,FY24-Q4,2024Q4
2024-09-05,FY24-W49,2024W49,FY24-SEP,2024M12,FY24-Q4,2024Q4
2024-09-06,FY24-W49,2024W49,FY24-SEP,2024M12,FY24-Q4,2024Q4
2024-09-07,FY24-W49,2024W49,FY24-SEP,2024M12,FY24-Q4,2024Q4
2024-09-08,FY24-W49,2024W49,FY24-SEP,2024M12,FY24-Q4,2024Q4
2024-09-09,FY24-W50,2024W50,FY24-SEP,2024M12,FY24-Q4,2024Q4
2024-09-10,FY24-W50,2024W50,FY24-SEP,2024M12,FY24-Q4,2024Q4
2024-09-11,FY24-W50,2024W50,FY24-SEP,2024M12,FY24-Q4,2024Q4
2024-09-12,FY24-W50,2024W50,FY24-SEP,2024M12,FY24-Q4,2024Q4
2024-09-13,FY24-W50,2024W50,FY24-SEP,2024M12,FY24-Q4,2024Q4
2024-09-14,FY24-W50,2024W50,FY24-SEP,2024M12,FY24-Q4,2024Q4
2024-09-15,FY24-W50,2024W50,FY24-SEP,2024M12,FY24-Q4,2024Q4
2024-09-16,FY24-W51,2024W51,FY24-SEP,2024M12,FY24-Q4,2024Q4
2024-09-17,FY24-W51,2024W51,FY24-SEP,2024M12,FY24-Q4,2024Q4
2024-09-18,FY24-W51,2024W51,FY24-SEP,2024M12,FY24-Q4,2024Q4
2024-09-19,FY24-W51,2024W51,FY24-SEP,2024M12,FY24-Q4,2024Q4
2024-09-20,FY24-W51,2024W51,FY24-SEP,2024M12,FY24-Q4,2024Q4
2024-09-21,FY24-W51,2024W51,FY24-SEP,2024M12,FY24-Q4,2024Q4
2024-09-22,FY24-W51,2024W51,FY24-SEP,2024M12,FY24-Q4,2024Q4
2024-09-23,FY24-W52,2024W52,FY24-SEP,2024M12,FY24-Q4,2024Q4
2024-09-24,FY24-W52,2024W52,FY24-SEP,2024M12,FY24-Q4,2024Q4
2024-09-25,FY24-W52,2024W52,FY24-SEP,2024M12,FY24-Q4,2024Q4
2024-09-26,FY24-W52,2024W52,FY24-SEP,2024M12,FY24-Q4,2024Q4
2024-09-27,FY24-W52,2024W52,FY24-SEP,2024M12,FY24-Q4,2024Q4
2024-09-28,FY24-W52,2024W52,FY24-SEP,2024M12,FY24-Q4,2024Q4
2024-09-29,FY24-W52,2024W52,FY24-SEP,2024M12,FY24-Q4,2024Q4
2024-09-30,FY25-W01,2025W1,FY25-OCT,2025M1,FY25-Q1,2025Q1
2024-10-01,FY25-W01,2025W1,FY25-OCT,2025M1,FY25-Q1,2025Q1
2024-10-02,FY25-W01,2025W1,FY25-OCT,2025M1,FY25-Q1,2025Q1
2024-10-03,FY25-W01,2025W1,FY25-OCT,2025M1,FY25-Q1,2025Q1
2024-10-04,FY25-W01,2025W1,FY25-OCT,2025M1,FY25-Q1,2025Q1
2024-10-05,FY25-W01,2025W1,FY25-OCT,2025M1,FY25-Q1,2025Q1
2024-10-06,FY25-W01,2025W1,FY25-OCT,2025M1,FY25-Q1,2025Q1
2024-10-07,FY25-W02,2025W2,FY25-OCT,2025M1,FY25-Q1,2025Q1
2024-10-08,FY25-W02,2025W2,FY25-OCT,2025M1,FY25-Q1,2025Q1
2024-10-09,FY25-W02,2025W2,FY25-OCT,2025M1,FY25-Q1,2025Q1
2024-10-10,FY25-W02,2025W2,FY25-OCT,2025M1,FY25-Q1,2025Q1
2024-10-11,FY25-W02,2025W2,FY25-OCT,2025M1,FY25-Q1,2025Q1
2024-10-12,FY25-W02,2025W2,FY25-OCT,2025M1,FY25-Q1,2025Q1
2024-10-13,FY25-W02,2025W2,FY25-OCT,2025M1,FY25-Q1,2025Q1
2024-10-14,FY25-W03,2025W3,FY25-OCT,2025M1,FY25-Q1,2025Q1
2024-10-15,FY25-W03,2025W3,FY25-OCT,2025M1,FY25-Q1,2025Q1
2024-10-16,FY25-W03,2025W3,FY25-OCT,2025M1,FY25-Q1,2025Q1
2024-10-17,FY25-W03,2025W3,FY25-OCT,2025M1,FY25-Q1,2025Q1
2024-10-18,FY25-W03,2025W3,FY25-OCT,2025M1,FY25-Q1,2025Q1
2024-10-19,FY25-W03,2025W3,FY25-OCT,2025M1,FY25-Q1,2025Q1
2024-10-20,FY25-W03,2025W3,FY25-OCT,2025M1,FY25-Q1,2025Q1
2024-10-21,FY25-W04,2025W4,FY25-OCT,2025M1,FY25-Q1,2025Q1
2024-10-22,FY25-W04,2025W4,FY25-OCT,2025M1,FY25-Q1,2025Q1
2024-10-23,FY25-W04,2025W4,FY25-OCT,2025M1,FY25-Q1,2025Q1
2024-10-24,FY25-W04,2025W4,FY25-OCT,2025M1,FY25-Q1,2025Q1
2024-10-25,FY25-W04,2025W4,FY25-OCT,2025M1,FY25-Q1,2025Q1
2024-10-26,FY25-W04,2025W4,FY25-OCT,2025M1,FY25-Q1,2025Q1
2024-10-27,FY25-W04,2025W4,FY25-OCT,2025M1,FY25-Q1,2025Q1
2024-10-28,FY25-W05,2025W5,FY25-NOV,2025M2,FY25-Q1,2025Q1
2024-10-29,FY25-W05,2025W5,FY25-NOV,2025M2,FY25-Q1,2025Q1
2024-10-30,FY25-W05,2025W5,FY25-NOV,2025M2,FY25-Q1,2025Q1
2024-10-31,FY25-W05,2025W5,FY25-NOV,2025M2,FY25-Q1,2025Q1
2024-11-01,FY25-W05,2025W5,FY25-NOV,2025M2,FY25-Q1,2025Q1
2024-11-02,FY25-W05,2025W5,FY25-NOV,2025M2,FY25-Q1,2025Q1
2024-11-03,FY25-W05,2025W5,FY25-NOV,2025M2,FY25-Q1,2025Q1
2024-11-04,FY25-W06,2025W6,FY25-NOV,2025M2,FY25-Q1,2025Q1
2024-11-05,FY25-W06,2025W6,FY25-NOV,2025M2,FY25-Q1,2025Q1
2024-11-06,FY25-W06,2025W6,FY25-NOV,2025M2,FY25-Q1,2025Q1
2024-11-07,FY25-W06,2025W6,FY25-NOV,2025M2,FY25-Q1,2025Q1
2024-11-08,FY25-W06,2025W6,FY25-NOV,2025M2,FY25-Q1,2025Q1
2024-11-09,FY25-W06,2025W6,FY25-NOV,2025M2,FY25-Q1,2025Q1
2024-11-10,FY25-W06,2025W6,FY25-NOV,2025M2,FY25-Q1,2025Q1
2024-11-11,FY25-W07,2025W7,FY25-NOV,2025M2,FY25-Q1,2025Q1
2024-11-12,FY25-W07,2025W7,FY25-NOV,2025M2,FY25-Q1,2025Q1
2024-11-13,FY25-W07,2025W7,FY25-NOV,2025M2,FY25-Q1,2025Q1
2024-11-14,FY25-W07,2025W7,FY25-NOV,2025M2,FY25-Q1,2025Q1
2024-11-15,FY25-W07,2025W7,FY25-NOV,2025M2,FY25-Q1,2025Q1
2024-11-16,FY25-W07,2025W7,FY25-NOV,2025M2,FY25-Q1,2025Q1
2024-11-17,FY25-W07,2025W7,FY25-NOV,2025M2,FY25-Q1,2025Q1
2024-11-18,FY25-W08,2025W8,FY25-NOV,2025M2,FY25-Q1,2025Q1
2024-11-19,FY25-W08,2025W8,FY25-NOV,2025M2,FY25-Q1,2025Q1
2024-11-20,FY25-W08,2025W8,FY25-NOV,2025M2,FY25-Q1,2025Q1
2024-11-21,FY25-W08,2025W8,FY25-NOV,2025M2,FY25-Q1,2025Q1
2024-11-22,FY25-W08,2025W8,FY25-NOV,2025M2,FY25-Q1,2025Q1
2024-11-23,FY25-W08,2025W8,FY25-NOV,2025M2,FY25-Q1,2025Q1
2024-11-24,FY25-W08,2025W8,FY25-NOV,2025M2,FY25-Q1,2025Q1
2024-11-25,FY25-W09,2025W9,FY25-NOV,2025M2,FY25-Q1,2025Q1
2024-11-26,FY25-W09,2025W9,FY25-NOV,2025M2,FY25-Q1,2025Q1
2024-11-27,FY25-W09,2025W9,FY25-NOV,2025M2,FY25-Q1,2025Q1
2024-11-28,FY25-W09,2025W9,FY25-NOV,2025M2,FY25-Q1,2025Q1
2024-11-29,FY25-W09,2025W9,FY25-NOV,2025M2,FY25-Q1,2025Q1
2024-11-30,FY25-W09,2025W9,FY25-NOV,2025M2,FY25-Q1,2025Q1
2024-12-01,FY25-W09,2025W9,FY25-NOV,2025M2,FY25-Q1,2025Q1
2024-12-02,FY25-W10,2025W10,FY25-DEC,2025M3,FY25-Q1,2025Q1
2024-12-03,FY25-W10,2025W10,FY25-DEC,2025M3,FY25-Q1,2025Q1
2024-12-04,FY25-W10,2025W10,FY25-DEC,2025M3,FY25-Q1,2025Q1
2024-12-05,FY25-W10,2025W10,FY25-DEC,2025M3,FY25-Q1,2025Q1
2024-12-06,FY25-W10,2025W10,FY25-DEC,2025M3,FY25-Q1,2025Q1
2024-12-07,FY25-W10,2025W10,FY25-DEC,2025M3,FY25-Q1,2025Q1
2024-12-08,FY25-W10,2025W10,FY25-DEC,2025M3,FY25-Q1,2025Q1
2024-12-09,FY25-W11,2025W11,FY25-DEC,2025M3,FY25-Q1,2025Q1
2024-12-10,FY25-W11,2025W11,FY25-DEC,2025M3,FY25-Q1,2025Q1
2024-12-11,FY25-W11,2025W11,FY25-DEC,2025M3,FY25-Q1,2025Q1
2024-12-12,FY25-W11,2025W11,FY25-DEC,2025M3,FY25-Q1,2025Q1
2024-12-13,FY25-W11,2025W11,FY25-DEC,2025M3,FY25-Q1,2025Q1
2024-12-14,FY25-W11,2025W11,FY25-DEC,2025M3,FY25-Q1,2025Q1
2024-12-15,FY25-W11,2025W11,FY25-DEC,2025M3,FY25-Q1,2025Q1
2024-12-16,FY25-W12,2025W12,FY25-DEC,2025M3,FY25-Q1,2025Q1
2024-12-17,FY25-W12,2025W12,FY25-DEC,2025M3,FY25-Q1,2025Q1
2024-12-18,FY25-W12,2025W12,FY25-DEC,2025M3,FY25-Q1,2025Q1
2024-12-19,FY25-W12,2025W12,FY25-DEC,2025M3,FY25-Q1,2025Q1
2024-12-20,FY25-W12,2025W12,FY25-DEC,2025M3,FY25-Q1,2025Q1
2024-12-21,FY25-W12,2025W12,FY25-DEC,2025M3,FY25-Q1,2025Q1
2024-12-22,FY25-W12,2025W12,FY25-DEC,2025M3,FY25-Q1,2025Q1
2024-12-23,FY25-W13,2025W13,FY25-DEC,2025M3,FY25-Q1,2025Q1
2024-12-24,FY25-W13,2025W13,FY25-DEC,2025M3,FY25-Q1,2025Q1
2024-12-25,FY25-W13,2025W13,FY25-DEC,2025M3,FY25-Q1,2025Q1
2024-12-26,FY25-W13,2025W13,FY25-DEC,2025M3,FY25-Q1,2025Q1
2024-12-27,FY25-W13,2025W13,FY25-DEC,2025M3,FY25-Q1,2025Q1
2024-12-28,FY25-W13,2025W13,FY25-DEC,2025M3,FY25-Q1,2025Q1
2024-12-29,FY25-W13,2025W13,FY25-DEC,2025M3,FY25-Q1,2025Q1
2024-12-30,FY25-W14,2025W14,FY25-JAN,2025M4,FY25-Q2,2025Q2
2024-12-31,FY25-W14,2025W14,FY25-JAN,2025M4,FY25-Q2,2025Q2
2025-01-01,FY25-W14,2025W14,FY25-JAN,2025M4,FY25-Q2,2025Q2
2025-01-02,FY25-W14,2025W14,FY25-JAN,2025M4,FY25-Q2,2025Q2
2025-01-03,FY25-W14,2025W14,FY25-JAN,2025M4,FY25-Q2,2025Q2
2025-01-04,FY25-W14,2025W14,FY25-JAN,2025M4,FY25-Q2,2025Q2
2025-01-05,FY25-W14,2025W14,FY25-JAN,2025M4,FY25-Q2,2025Q2
2025-01-06,FY25-W15,2025W15,FY25-JAN,2025M4,FY25-Q2,2025Q2
2025-01-07,FY25-W15,2025W15,FY25-JAN,2025M4,FY25-Q2,2025Q2
2025-01-08,FY25-W15,2025W15,FY25-JAN,2025M4,FY25-Q2,2025Q2
2025-01-09,FY25-W15,2025W15,FY25-JAN,2025M4,FY25-Q2,2025Q2
2025-01-10,FY25-W15,2025W15,FY25-JAN,2025M4,FY25-Q2,2025Q2
2025-01-11,FY25-W15,2025W15,FY25-JAN,2025M4,FY25-Q2,2025Q2
2025-01-12,FY25-W15,2025W15,FY25-JAN,2025M4,FY25-Q2,2025Q2
2025-01-13,FY25-W16,2025W16,FY25-JAN,2025M4,FY25-Q2,2025Q2
2025-01-14,FY25-W16,2025W16,FY25-JAN,2025M4,FY25-Q2,2025Q2
2025-01-15,FY25-W16,2025W16,FY25-JAN,2025M4,FY25-Q2,2025Q2
2025-01-16,FY25-W16,2025W16,FY25-JAN,2025M4,FY25-Q2,2025Q2
2025-01-17,FY25-W16,2025W16,FY25-JAN,2025M4,FY25-Q2,2025Q2
2025-01-18,FY25-W16,2025W16,FY25-JAN,2025M4,FY25-Q2,2025Q2
2025-01-19,FY25-W16,2025W16,FY25-JAN,2025M4,FY25-Q2,2025Q2
2025-01-20,FY25-W17,2025W17,FY25-JAN,2025M4,FY25-Q2,2025Q2
2025-01-21,FY25-W17,2025W17,FY25-JAN,2025M4,FY25-Q2,2025Q2
2025-01-22,FY25-W17,2025W17,FY25-JAN,2025M4,FY25-Q2,2025Q2
2025-01-23,FY25-W17,2025W17,FY25-JAN,2025M4,FY25-Q2,2025Q2
2025-01-24,FY25-W17,2025W17,FY25-JAN,2025M4,FY25-Q2,2025Q2
2025-01-25,FY25-W17,2025W17,FY25-JAN,2025M4,FY25-Q2,2025Q2
2025-01-26,FY25-W17,2025W17,FY25-JAN,2025M4,FY25-Q2,2025Q2
2025-01-27,FY25-W18,2025W18,FY25-FEB,2025M5,FY25-Q2,2025Q2
2025-01-28,FY25-W18,2025W18,FY25-FEB,2025M5,FY25-Q2,2025Q2
2025-01-29,FY25-W18,2025W18,FY25-FEB,2025M5,FY25-Q2,2025Q2
2025-01-30,FY25-W18,2025W18,FY25-FEB,2025M5,FY25-Q2,2025Q2
2025-01-31,FY25-W18,2025W18,FY25-FEB,2025M5,FY25-Q2,2025Q2
2025-02-01,FY25-W18,2025W18,FY25-FEB,2025M5,FY25-Q2,2025Q2
2025-02-02,FY25-W18,2025W18,FY25-FEB,2025M5,FY25-Q2,2025Q2
2025-02-03,FY25-W19,2025W19,FY25-FEB,2025M5,FY25-Q2,2025Q2
2025-02-04,FY25-W19,2025W19,FY25-FEB,2025M5,FY25-Q2,2025Q2
2025-02-05,FY25-W19,2025W19,FY25-FEB,2025M5,FY25-Q2,2025Q2
2025-02-06,FY25-W19,2025W19,FY25-FEB,2025M5,FY25-Q2,2025Q2
2025-02-07,FY25-W19,2025W19,FY25-FEB,2025M5,FY25-Q2,2025Q2
2025-02-08,FY25-W19,2025W19,FY25-FEB,2025M5,FY25-Q2,2025Q2
2025-02-09,FY25-W19,2025W19,FY25-FEB,2025M5,FY25-Q2,2025Q2
2025-02-10,FY25-W20,2025W20,FY25-FEB,2025M5,FY25-Q2,2025Q2
2025-02-11,FY25-W20,2025W20,FY25-FEB,2025M5,FY25-Q2,2025Q2
2025-02-12,FY25-W20,2025W20,FY25-FEB,2025M5,FY25-Q2,2025Q2
2025-02-13,FY25-W20,2025W20,FY25-FEB,2025M5,FY25-Q2,2025Q2
2025-02-14,FY25-W20,2025W20,FY25-FEB,2025M5,FY25-Q2,2025Q2
2025-02-15,FY25-W20,2025W20,FY25-FEB,2025M5,FY25-Q2,2025Q2
2025-02-16,FY25-W20,2025W20,FY25-FEB,2025M5,FY25-Q2,2025Q2
2025-02-17,FY25-W21,2025W21,FY25-FEB,2025M5,FY25-Q2,2025Q2
2025-02-18,FY25-W21,2025W21,FY25-FEB,2025M5,FY25-Q2,2025Q2
2025-02-19,FY25-W21,2025W21,FY25-FEB,2025M5,FY25-Q2,2025Q2
2025-02-20,FY25-W21,2025W21,FY25-FEB,2025M5,FY25-Q2,2025Q2
2025-02-21,FY25-W21,2025W21,FY25-FEB,2025M5,FY25-Q2,2025Q2
2025-02-22,FY25-W21,2025W21,FY25-FEB,2025M5,FY25-Q2,2025Q2
2025-02-23,FY25-W21,2025W21,FY25-FEB,2025M5,FY25-Q2,2025Q2
2025-02-24,FY25-W22,2025W22,FY25-FEB,2025M5,FY25-Q2,2025Q2
2025-02-25,FY25-W22,2025W22,FY25-FEB,2025M5,FY25-Q2,2025Q2
2025-02-26,FY25-W22,2025W22,FY25-FEB,2025M5,FY25-Q2,2025Q2
2025-02-27,FY25-W22,2025W22,FY25-FEB,2025M5,FY25-Q2,2025Q2
2025-02-28,FY25-W22,2025W22,FY25-FEB,2025M5,FY25-Q2,2025Q2
2025-03-01,FY25-W22,2025W22,FY25-FEB,2025M5,FY25-Q2,2025Q2
2025-03-02,FY25-W22,2025W22,FY25-FEB,2025M5,FY25-Q2,2025Q2
2025-03-03,FY25-W23,2025W23,FY25-MAR,2025M6,FY25-Q2,2025Q2
2025-03-04,FY25-W23,2025W23,FY25-MAR,2025M6,FY25-Q2,2025Q2
2025-03-05,FY25-W23,2025W23,FY25-MAR,2025M6,FY25-Q2,2025Q2
2025-03-06,FY25-W23,2025W23,FY25-MAR,2025M6,FY25-Q2,2025Q2
2025-03-07,FY25-W23,2025W23,FY25-MAR,2025M6,FY25-Q2,2025Q2
2025-03-08,FY25-W23,2025W23,FY25-MAR,2025M6,FY25-Q2,2025Q2
2025-03-09,FY25-W23,2025W23,FY25-MAR,2025M6,FY25-Q2,2025Q2
2025-03-10,FY25-W24,2025W24,FY25-MAR,2025M6,FY25-Q2,2025Q2
2025-03-11,FY25-W24,2025W24,FY25-MAR,2025M6,FY25-Q2,2025Q2
2025-03-12,FY25-W24,2025W24,FY25-MAR,2025M6,FY25-Q2,2025Q2
2025-03-13,FY25-W24,2025W24,FY25-MAR,2025M6,FY25-Q2,2025Q2
2025-03-14,FY25-W24,2025W24,FY25-MAR,2025M6,FY25-Q2,2025Q2
2025-03-15,FY25-W24,2025W24,FY25-MAR,2025M6,FY25-Q2,2025Q2
2025-03-16,FY25-W24,2025W24,FY25-MAR,2025M6,FY25-Q2,2025Q2
2025-03-17,FY25-W25,2025W25,FY25-MAR,2025M6,FY25-Q2,2025Q2
2025-03-18,FY25-W25,2025W25,FY25-MAR,2025M6,FY25-Q2,2025Q2
2025-03-19,FY25-W25,2025W25,FY25-MAR,2025M6,FY25-Q2,2025Q2
2025-03-20,FY25-W25,2025W25,FY25-MAR,2025M6,FY25-Q2,2025Q2
2025-03-21,FY25-W25,2025W25,FY25-MAR,2025M6,FY25-Q2,2025Q2
2025-03-22,FY25-W25,2025W25,FY25-MAR,2025M6,FY25-Q2,2025Q2
2025-03-23,FY25-W25,2025W25,FY25-MAR,2025M6,FY25-Q2,2025Q2
2025-03-24,FY25-W26,2025W26,FY25-MAR,2025M6,FY25-Q2,2025Q2
2025-03-25,FY25-W26,2025W26,FY25-MAR,2025M6,FY25-Q2,2025Q2
2025-03-26,FY25-W26,2025W26,FY25-MAR,2025M6,FY25-Q2,2025Q2
2025-03-27,FY25-W26,2025W26,FY25-MAR,2025M6,FY25-Q2,2025Q2
2025-03-28,FY25-W26,2025W26,FY25-MAR,2025M6,FY25-Q2,2025Q2
2025-03-29,FY25-W26,2025W26,FY25-MAR,2025M6,FY25-Q2,2025Q2
2025-03-30,FY25-W26,2025W26,FY25-MAR,2025M6,FY25-Q2,2025Q2
2025-03-31,FY25-W27,2025W27,FY25-APR,2025M7,FY25-Q3,2025Q3
2025-04-01,FY25-W27,2025W27,FY25-APR,2025M7,FY25-Q3,2025Q3
2025-04-02,FY25-W27,2025W27,FY25-APR,2025M7,FY25-Q3,2025Q3
2025-04-03,FY25-W27,2025W27,FY25-APR,2025M7,FY25-Q3,2025Q3
2025-04-04,FY25-W27,2025W27,FY25-APR,2025M7,FY25-Q3,2025Q3
2025-04-05,FY25-W27,2025W27,FY25-APR,2025M7,FY25-Q3,2025Q3
2025-04-06,FY25-W27,2025W27,FY25-APR,2025M7,FY25-Q3,2025Q3
2025-04-07,FY25-W28,2025W28,FY25-APR,2025M7,FY25-Q3,2025Q3
2025-04-08,FY25-W28,2025W28,FY25-APR,2025M7,FY25-Q3,2025Q3
2025-04-09,FY25-W28,2025W28,FY25-APR,2025M7,FY25-Q3,2025Q3
2025-04-10,FY25-W28,2025W28,FY25-APR,2025M7,FY25-Q3,2025Q3
2025-04-11,FY25-W28,2025W28,FY25-APR,2025M7,FY25-Q3,2025Q3
2025-04-12,FY25-W28,2025W28,FY25-APR,2025M7,FY25-Q3,2025Q3
2025-04-13,FY25-W28,2025W28,FY25-APR,2025M7,FY25-Q3,2025Q3
2025-04-14,FY25-W29,2025W29,FY25-APR,2025M7,FY25-Q3,2025Q3
2025-04-15,FY25-W29,2025W29,FY25-APR,2025M7,FY25-Q3,2025Q3
2025-04-16,FY25-W29,2025W29,FY25-APR,2025M7,FY25-Q3,2025Q3
2025-04-17,FY25-W29,2025W29,FY25-APR,2025M7,FY25-Q3,2025Q3
2025-04-18,FY25-W29,2025W29,FY25-APR,2025M7,FY25-Q3,2025Q3
2025-04-19,FY25-W29,2025W29,FY25-APR,2025M7,FY25-Q3,2025Q3
2025-04-20,FY25-W29,2025W29,FY25-APR,2025M7,FY25-Q3,2025Q3
2025-04-21,FY25-W30,2025W30,FY25-APR,2025M7,FY25-Q3,2025Q3
2025-04-22,FY25-W30,2025W30,FY25-APR,2025M7,FY25-Q3,2025Q3
2025-04-23,FY25-W30,2025W30,FY25-APR,2025M7,FY25-Q3,2025Q3
2025-04-24,FY25-W30,2025W30,FY25-APR,2025M7,FY25-Q3,2025Q3
2025-04-25,FY25-W30,2025W30,FY25-APR,2025M7,FY25-Q3,2025Q3
2025-04-26,FY25-W30,2025W30,FY25-APR,2025M7,FY25-Q3,2025Q3
2025-04-27,FY25-W30,2025W30,FY25-APR,2025M7,FY25-Q3,2025Q3
2025-04-28,FY25-W31,2025W31,FY25-MAY,2025M8,FY25-Q3,2025Q3
2025-04-29,FY25-W31,2025W31,FY25-MAY,2025M8,FY25-Q3,2025Q3
2025-04-30,FY25-W31,2025W31,FY25-MAY,2025M8,FY25-Q3,2025Q3
2025-05-01,FY25-W31,2025W31,FY25-MAY,2025M8,FY25-Q3,2025Q3
2025-05-02,FY25-W31,2025W31,FY25-MAY,2025M8,FY25-Q3,2025Q3
2025-05-03,FY25-W31,2025W31,FY25-MAY,2025M8,FY25-Q3,2025Q3
2025-05-04,FY25-W31,2025W31,FY25-MAY,2025M8,FY25-Q3,2025Q3
2025-05-05,FY25-W32,2025W32,FY25-MAY,2025M8,FY25-Q3,2025Q3
2025-05-06,FY25-W32,2025W32,FY25-MAY,2025M8,FY25-Q3,2025Q3
2025-05-07,FY25-W32,2025W32,FY25-MAY,2025M8,FY25-Q3,2025Q3
2025-05-08,FY25-W32,2025W32,FY25-MAY,2025M8,FY25-Q3,2025Q3
2025-05-09,FY25-W32,2025W32,FY25-MAY,2025M8,FY25-Q3,2025Q3
2025-05-10,FY25-W32,2025W32,FY25-MAY,2025M8,FY25-Q3,2025Q3
2025-05-11,FY25-W32,2025W32,FY25-MAY,2025M8,FY25-Q3,2025Q3
2025-05-12,FY25-W33,2025W33,FY25-MAY,2025M8,FY25-Q3,2025Q3
2025-05-13,FY25-W33,2025W33,FY25-MAY,2025M8,FY25-Q3,2025Q3
2025-05-14,FY25-W33,2025W33,FY25-MAY,2025M8,FY25-Q3,2025Q3
2025-05-15,FY25-W33,2025W33,FY25-MAY,2025M8,FY25-Q3,2025Q3
2025-05-16,FY25-W33,2025W33,FY25-MAY,2025M8,FY25-Q3,2025Q3
2025-05-17,FY25-W33,2025W33,FY25-MAY,2025M8,FY25-Q3,2025Q3
2025-05-18,FY25-W33,2025W33,FY25-MAY,2025M8,FY25-Q3,2025Q3
2025-05-19,FY25-W34,2025W34,FY25-MAY,2025M8,FY25-Q3,2025Q3
2025-05-20,FY25-W34,2025W34,FY25-MAY,2025M8,FY25-Q3,2025Q3
2025-05-21,FY25-W34,2025W34,FY25-MAY,2025M8,FY25-Q3,2025Q3
2025-05-22,FY25-W34,2025W34,FY25-MAY,2025M8,FY25-Q3,2025Q3
2025-05-23,FY25-W34,2025W34,FY25-MAY,2025M8,FY25-Q3,2025Q3
2025-05-24,FY25-W34,2025W34,FY25-MAY,2025M8,FY25-Q3,2025Q3
2025-05-25,FY25-W34,2025W34,FY25-MAY,2025M8,FY25-Q3,2025Q3
2025-05-26,FY25-W35,2025W35,FY25-MAY,2025M8,FY25-Q3,2025Q3
2025-05-27,FY25-W35,2025W35,FY25-MAY,2025M8,FY25-Q3,2025Q3
2025-05-28,FY25-W35,2025W35,FY25-MAY,2025M8,FY25-Q3,2025Q3
2025-05-29,FY25-W35,2025W35,FY25-MAY,2025M8,FY25-Q3,2025Q3
2025-05-30,FY25-W35,2025W35,FY25-MAY,2025M8,FY25-Q3,2025Q3
2025-05-31,FY25-W35,2025W35,FY25-MAY,2025M8,FY25-Q3,2025Q3
2025-06-01,FY25-W35,2025W35,FY25-MAY,2025M8,FY25-Q3,2025Q3
2025-06-02,FY25-W36,2025W36,FY25-JUN,2025M9,FY25-Q3,2025Q3
2025-06-03,FY25-W36,2025W36,FY25-JUN,2025M9,FY25-Q3,2025Q3
2025-06-04,FY25-W36,2025W36,FY25-JUN,2025M9,FY25-Q3,2025Q3
2025-06-05,FY25-W36,2025W36,FY25-JUN,2025M9,FY25-Q3,2025Q3
2025-06-06,FY25-W36,2025W36,FY25-JUN,2025M9,FY25-Q3,2025Q3
2025-06-07,FY25-W36,2025W36,FY25-JUN,2025M9,FY25-Q3,2025Q3
2025-06-08,FY25-W36,2025W36,FY25-JUN,2025M9,FY25-Q3,2025Q3
2025-06-09,FY25-W37,2025W37,FY25-JUN,2025M9,FY25-Q3,2025Q3
2025-06-10,FY25-W37,2025W37,FY25-JUN,2025M9,FY25-Q3,2025Q3
2025-06-11,FY25-W37,2025W37,FY25-JUN,2025M9,FY25-Q3,2025Q3
2025-06-12,FY25-W37,2025W37,FY25-JUN,2025M9,FY25-Q3,2025Q3
2025-06-13,FY25-W37,2025W37,FY25-JUN,2025M9,FY25-Q3,2025Q3
2025-06-14,FY25-W37,2025W37,FY25-JUN,2025M9,FY25-Q3,2025Q3
2025-06-15,FY25-W37,2025W37,FY25-JUN,2025M9,FY25-Q3,2025Q3
2025-06-16,FY25-W38,2025W38,FY25-JUN,2025M9,FY25-Q3,2025Q3
2025-06-17,FY25-W38,2025W38,FY25-JUN,2025M9,FY25-Q3,2025Q3
2025-06-18,FY25-W38,2025W38,FY25-JUN,2025M9,FY25-Q3,2025Q3
2025-06-19,FY25-W38,2025W38,FY25-JUN,2025M9,FY25-Q3,2025Q3
2025-06-20,FY25-W38,2025W38,FY25-JUN,2025M9,FY25-Q3,2025Q3
2025-06-21,FY25-W38,2025W38,FY25-JUN,2025M9,FY25-Q3,2025Q3
2025-06-22,FY25-W38,2025W38,FY25-JUN,2025M9,FY25-Q3,2025Q3
2025-06-23,FY25-W39,2025W39,FY25-JUN,2025M9,FY25-Q3,2025Q3
2025-06-24,FY25-W39,2025W39,FY25-JUN,2025M9,FY25-Q3,2025Q3
2025-06-25,FY25-W39,2025W39,FY25-JUN,2025M9,FY25-Q3,2025Q3
2025-06-26,FY25-W39,2025W39,FY25-JUN,2025M9,FY25-Q3,2025Q3
2025-06-27,FY25-W39,2025W39,FY25-JUN,2025M9,FY25-Q3,2025Q3
2025-06-28,FY25-W39,2025W39,FY25-JUN,2025M9,FY25-Q3,2025Q3
2025-06-29,FY25-W39,2025W39,FY25-JUN,2025M9,FY25-Q3,2025Q3
2025-06-30,FY25-W40,2025W40,FY25-JUL,2025M10,FY25-Q4,2025Q4
2025-07-01,FY25-W40,2025W40,FY25-JUL,2025M10,FY25-Q4,2025Q4
2025-07-02,FY25-W40,2025W40,FY25-JUL,2025M10,FY25-Q4,2025Q4
2025-07-03,FY25-W40,2025W40,FY25-JUL,2025M10,FY25-Q4,2025Q4
2025-07-04,FY25-W40,2025W40,FY25-JUL,2025M10,FY25-Q4,2025Q4
2025-07-05,FY25-W40,2025W40,FY25-JUL,2025M10,FY25-Q4,2025Q4
2025-07-06,FY25-W40,2025W40,FY25-JUL,2025M10,FY25-Q4,2025Q4
2025-07-07,FY25-W41,2025W41,FY25-JUL,2025M10,FY25-Q4,2025Q4
2025-07-08,FY25-W41,2025W41,FY25-JUL,2025M10,FY25-Q4,2025Q4
2025-07-09,FY25-W41,2025W41,FY25-JUL,2025M10,FY25-Q4,2025Q4
2025-07-10,FY25-W41,2025W41,FY25-JUL,2025M10,FY25-Q4,2025Q4
2025-07-11,FY25-W41,2025W41,FY25-JUL,2025M10,FY25-Q4,2025Q4
2025-07-12,FY25-W41,2025W41,FY25-JUL,2025M10,FY25-Q4,2025Q4
2025-07-13,FY25-W41,2025W41,FY25-JUL,2025M10,FY25-Q4,2025Q4
2025-07-14,FY25-W42,2025W42,FY25-JUL,2025M10,FY25-Q4,2025Q4
2025-07-15,FY25-W42,2025W42,FY25-JUL,2025M10,FY25-Q4,2025Q4
2025-07-16,FY25-W42,2025W42,FY25-JUL,2025M10,FY25-Q4,2025Q4
2025-07-17,FY25-W42,2025W42,FY25-JUL,2025M10,FY25-Q4,2025Q4
2025-07-18,FY25-W42,2025W42,FY25-JUL,2025M10,FY25-Q4,2025Q4
2025-07-19,FY25-W42,2025W42,FY25-JUL,2025M10,FY25-Q4,2025Q4
2025-07-20,FY25-W42,2025W42,FY25-JUL,2025M10,FY25-Q4,2025Q4
2025-07-21,FY25-W43,2025W43,FY25-JUL,2025M10,FY25-Q4,2025Q4
2025-07-22,FY25-W43,2025W43,FY25-JUL,2025M10,FY25-Q4,2025Q4
2025-07-23,FY25-W43,2025W43,FY25-JUL,2025M10,FY25-Q4,2025Q4
2025-07-24,FY25-W43,2025W43,FY25-JUL,2025M10,FY25-Q4,2025Q4
2025-07-25,FY25-W43,2025W43,FY25-JUL,2025M10,FY25-Q4,2025Q4
2025-07-26,FY25-W43,2025W43,FY25-JUL,2025M10,FY25-Q4,2025Q4
2025-07-27,FY25-W43,2025W43,FY25-JUL,2025M10,FY25-Q4,2025Q4
2025-07-28,FY25-W44,2025W44,FY25-AUG,2025M11,FY25-Q4,2025Q4
2025-07-29,FY25-W44,2025W44,FY25-AUG,2025M11,FY25-Q4,2025Q4
2025-07-30,FY25-W44,2025W44,FY25-AUG,2025M11,FY25-Q4,2025Q4
2025-07-31,FY25-W44,2025W44,FY25-AUG,2025M11,FY25-Q4,2025Q4
2025-08-01,FY25-W44,2025W44,FY25-AUG,2025M11,FY25-Q4,2025Q4
2025-08-02,FY25-W44,2025W44,FY25-AUG,2025M11,FY25-Q4,2025Q4
2025-08-03,FY25-W44,2025W44,FY25-AUG,2025M11,FY25-Q4,2025Q4
2025-08-04,FY25-W45,2025W45,FY25-AUG,2025M11,FY25-Q4,2025Q4
2025-08-05,FY25-W45,2025W45,FY25-AUG,2025M11,FY25-Q4,2025Q4
2025-08-06,FY25-W45,2025W45,FY25-AUG,2025M11,FY25-Q4,2025Q4
2025-08-07,FY25-W45,2025W45,FY25-AUG,2025M11,FY25-Q4,2025Q4
2025-08-08,FY25-W45,2025W45,FY25-AUG,2025M11,FY25-Q4,2025Q4
2025-08-09,FY25-W45,2025W45,FY25-AUG,2025M11,FY25-Q4,2025Q4
2025-08-10,FY25-W45,2025W45,FY25-AUG,2025M11,FY25-Q4,2025Q4
2025-08-11,FY25-W46,2025W46,FY25-AUG,2025M11,FY25-Q4,2025Q4
2025-08-12,FY25-W46,2025W46,FY25-AUG,2025M11,FY25-Q4,2025Q4
2025-08-13,FY25-W46,2025W46,FY25-AUG,2025M11,FY25-Q4,2025Q4
2025-08-14,FY25-W46,2025W46,FY25-AUG,2025M11,FY25-Q4,2025Q4
2025-08-15,FY25-W46,2025W46,FY25-AUG,2025M11,FY25-Q4,2025Q4
2025-08-16,FY25-W46,2025W46,FY25-AUG,2025M11,FY25-Q4,2025Q4
2025-08-17,FY25-W46,2025W46,FY25-AUG,2025M11,FY25-Q4,2025Q4
2025-08-18,FY25-W47,2025W47,FY25-AUG,2025M11,FY25-Q4,2025Q4
2025-08-19,FY25-W47,2025W47,FY25-AUG,2025M11,FY25-Q4,2025Q4
2025-08-20,FY25-W47,2025W47,FY25-AUG,2025M11,FY25-Q4,2025Q4
2025-08-21,FY25-W47,2025W47,FY25-AUG,2025M11,FY25-Q4,2025Q4
2025-08-22,FY25-W47,2025W47,FY25-AUG,2025M11,FY25-Q4,2025Q4
2025-08-23,FY25-W47,2025W47,FY25-AUG,2025M11,FY25-Q4,2025Q4
2025-08-24,FY25-W47,2025W47,FY25-AUG,2025M11,FY25-Q4,2025Q4
2025-08-25,FY25-W48,2025W48,FY25-AUG,2025M11,FY25-Q4,2025Q4
2025-08-26,FY25-W48,2025W48,FY25-AUG,2025M11,FY25-Q4,2025Q4
2025-08-27,FY25-W48,2025W48,FY25-AUG,2025M11,FY25-Q4,2025Q4
2025-08-28,FY25-W48,2025W48,FY25-AUG,2025M11,FY25-Q4,2025Q4
2025-08-29,FY25-W48,2025W48,FY25-AUG,2025M11,FY25-Q4,2025Q4
2025-08-30,FY25-W48,2025W48,FY25-AUG,2025M11,FY25-Q4,2025Q4
2025-08-31,FY25-W48,2025W48,FY25-AUG,2025M11,FY25-Q4,2025Q4
2025-09-01,FY25-W49,2025W49,FY25-SEP,2025M12,FY25-Q4,2025Q4
2025-09-02,FY25-W49,2025W49,FY25-SEP,2025M12,FY25-Q4,2025Q4
2025-09-03,FY25-W49,2025W49,FY25-SEP,2025M12,FY25-Q4,2025Q4
2025-09-04,FY25-W49,2025W49,FY25-SEP,2025M12,FY25-Q4,2025Q4
2025-09-05,FY25-W49,2025W49,FY25-SEP,2025M12,FY25-Q4,2025Q4
2025-09-06,FY25-W49,2025W49,FY25-SEP,2025M12,FY25-Q4,2025Q4
2025-09-07,FY25-W49,2025W49,FY25-SEP,2025M12,FY25-Q4,2025Q4
2025-09-08,FY25-W50,2025W50,FY25-SEP,2025M12,FY25-Q4,2025Q4
2025-09-09,FY25-W50,2025W50,FY25-SEP,2025M12,FY25-Q4,2025Q4
2025-09-10,FY25-W50,2025W50,FY25-SEP,2025M12,FY25-Q4,2025Q4
2025-09-11,FY25-W50,2025W50,FY25-SEP,2025M12,FY25-Q4,2025Q4
2025-09-12,FY25-W50,2025W50,FY25-SEP,2025M12,FY25-Q4,2025Q4
2025-09-13,FY25-W50,2025W50,FY25-SEP,2025M12,FY25-Q4,2025Q4
2025-09-14,FY25-W50,2025W50,FY25-SEP,2025M12,FY25-Q4,2025Q4
2025-09-15,FY25-W51,2025W51,FY25-SEP,2025M12,FY25-Q4,2025Q4
2025-09-16,FY25-W51,2025W51,FY25-SEP,2025M12,FY25-Q4,2025Q4
2025-09-17,FY25-W51,2025W51,FY25-SEP,2025M12,FY25-Q4,2025Q4
2025-09-18,FY25-W51,2025W51,FY25-SEP,2025M12,FY25-Q4,2025Q4
2025-09-19,FY25-W51,2025W51,FY25-SEP,2025M12,FY25-Q4,2025Q4
2025-09-20,FY25-W51,2025W51,FY25-SEP,2025M12,FY25-Q4,2025Q4
2025-09-21,FY25-W51,2025W51,FY25-SEP,2025M12,FY25-Q4,2025Q4
2025-09-22,FY25-W52,2025W52,FY25-SEP,2025M12,FY25-Q4,2025Q4
2025-09-23,FY25-W52,2025W52,FY25-SEP,2025M12,FY25-Q4,2025Q4
2025-09-24,FY25-W52,2025W52,FY25-SEP,2025M12,FY25-Q4,2025Q4
2025-09-25,FY25-W52,2025W52,FY25-SEP,2025M12,FY25-Q4,2025Q4
2025-09-26,FY25-W52,2025W52,FY25-SEP,2025M12,FY25-Q4,2025Q4
2025-09-27,FY25-W52,2025W52,FY25-SEP,2025M12,FY25-Q4,2025Q4
2025-09-28,FY25-W52,2025W52,FY25-SEP,2025M12,FY25-Q4,2025Q4
